,id,class,attr1,attr2,attr3,attr4,attr5,attr6
0,0.3333333333333333,0.0,0.3333333333333333,0.3333333333333333,0.3333333333333333,0.3333333333333333,0.6666666666666666,2
1,0.4082482904638631,0.0,0.20412414523193154,0.20412414523193154,0.20412414523193154,0.20412414523193154,0.8164965809277261,1
2,0.7276068751089989,0.0,0.24253562503633297,0.24253562503633297,0.24253562503633297,0.48507125007266594,0.24253562503633297,1
3,0.8164965809277261,0.0,0.20412414523193154,0.20412414523193154,0.20412414523193154,0.4082482904638631,0.20412414523193154,2
4,0.8333333333333334,0.0,0.16666666666666666,0.16666666666666666,0.16666666666666666,0.3333333333333333,0.3333333333333333,1
5,0.8320502943378437,0.0,0.1386750490563073,0.1386750490563073,0.1386750490563073,0.2773500981126146,0.41602514716892186,1
6,0.8249579113843055,0.0,0.11785113019775793,0.11785113019775793,0.11785113019775793,0.23570226039551587,0.47140452079103173,1
7,0.8944271909999159,0.0,0.11180339887498948,0.11180339887498948,0.11180339887498948,0.33541019662496846,0.22360679774997896,1
8,0.8620436566990363,0.0,0.09578262852211514,0.09578262852211514,0.09578262852211514,0.2873478855663454,0.38313051408846055,1
9,0.9622504486493763,0.0,0.09622504486493763,0.09622504486493763,0.19245008972987526,0.09622504486493763,0.09622504486493763,1
10,0.9684959969581862,0.0,0.08804509063256238,0.08804509063256238,0.17609018126512477,0.08804509063256238,0.08804509063256238,2
11,0.9399125399855488,0.0,0.07832604499879574,0.07832604499879574,0.15665208999759148,0.15665208999759148,0.2349781349963872,1
12,0.9309493362512627,0.0,0.0716114874039433,0.0716114874039433,0.1432229748078866,0.1432229748078866,0.2864459496157732,1
13,0.9375093422553951,0.06696495301824251,0.06696495301824251,0.06696495301824251,0.13392990603648502,0.13392990603648502,0.26785981207297005,2
14,0.9662349396012463,0.0,0.06441566264008308,0.06441566264008308,0.12883132528016616,0.19324698792024925,0.06441566264008308,2
15,0.9630868246861536,0.0601929265428846,0.0601929265428846,0.0601929265428846,0.1203858530857692,0.1805787796286538,0.1203858530857692,2
16,0.9864400504156211,0.0,0.058025885318565944,0.11605177063713189,0.058025885318565944,0.058025885318565944,0.058025885318565944,2
17,0.9834450564746755,0.0,0.05463583647081531,0.10927167294163062,0.05463583647081531,0.10927167294163062,0.05463583647081531,2
18,0.9798501839458537,0.05157106231293967,0.05157106231293967,0.10314212462587934,0.05157106231293967,0.10314212462587934,0.10314212462587934,2
19,0.977063937492063,0.0,0.04885319687460315,0.0977063937492063,0.04885319687460315,0.0977063937492063,0.14655959062380947,1
20,0.9780675089485069,0.04657464328326223,0.04657464328326223,0.09314928656652446,0.04657464328326223,0.09314928656652446,0.13972392984978668,2
21,0.9741763740941048,0.0,0.04428074427700476,0.08856148855400953,0.04428074427700476,0.08856148855400953,0.17712297710801905,1
22,0.9852117548196745,0.0,0.042835293687811936,0.08567058737562387,0.042835293687811936,0.1285058810634358,0.042835293687811936,1
23,0.9863939238321437,0.0,0.04109974682633932,0.08219949365267865,0.04109974682633932,0.12329924047901797,0.04109974682633932,2
24,0.9843740386976972,0.039374961547907886,0.039374961547907886,0.07874992309581577,0.039374961547907886,0.11812488464372366,0.07874992309581577,2
25,0.9827076298239908,0.0,0.03779644730092272,0.07559289460184544,0.03779644730092272,0.11338934190276817,0.11338934190276817,1
26,0.9832820049844601,0.03641785203646149,0.03641785203646149,0.07283570407292297,0.03641785203646149,0.10925355610938446,0.10925355610938446,2
27,0.9807972217456823,0.0,0.035028472205202936,0.07005694441040587,0.035028472205202936,0.10508541661560881,0.14011388882081174,1
28,0.9815012929624983,0.03384487217112064,0.03384487217112064,0.06768974434224127,0.03384487217112064,0.1015346165133619,0.13537948868448255,2
29,0.9923118024834338,0.0,0.03307706008278112,0.06615412016556224,0.06615412016556224,0.03307706008278112,0.06615412016556224,1
30,0.986740871822807,0.0,0.031830350703961514,0.06366070140792303,0.06366070140792303,0.031830350703961514,0.12732140281584606,1
31,0.9889552435446608,0.03090485136077065,0.03090485136077065,0.0618097027215413,0.0618097027215413,0.0618097027215413,0.09271455408231195,1
32,0.9865041046673193,0.029894063777797554,0.029894063777797554,0.05978812755559511,0.05978812755559511,0.05978812755559511,0.11957625511119022,1
33,0.9918819421856829,0.0,0.02917299829957891,0.05834599659915782,0.05834599659915782,0.08751899489873673,0.02917299829957891,1
34,0.9919353522139874,0.028341010063256785,0.028341010063256785,0.05668202012651357,0.05668202012651357,0.08502303018977035,0.028341010063256785,2
35,0.9893694778727629,0.027482485496465633,0.027482485496465633,0.05496497099293127,0.05496497099293127,0.0824474564893969,0.0824474564893969,1
36,0.99028229600855,0.0,0.02676438637860946,0.05352877275721892,0.05352877275721892,0.08029315913582838,0.08029315913582838,2
37,0.9880968382354531,0.02600254837461719,0.02600254837461719,0.05200509674923438,0.05200509674923438,0.07800764512385157,0.10401019349846875,1
38,0.9890071022148988,0.0,0.02535915646704869,0.05071831293409738,0.05071831293409738,0.07607746940114607,0.10143662586819475,2
39,0.9959620894245853,0.0,0.024899052235614633,0.0746971567068439,0.024899052235614633,0.024899052235614633,0.024899052235614633,2
40,0.9952746339256161,0.0,0.02427499107135649,0.07282497321406947,0.02427499107135649,0.02427499107135649,0.04854998214271298,2
41,0.9941002434954168,0.0,0.023669053416557544,0.07100716024967263,0.023669053416557544,0.023669053416557544,0.07100716024967263,1
42,0.9943691736351926,0.0,0.023124864503144014,0.06937459350943205,0.023124864503144014,0.023124864503144014,0.06937459350943205,2
43,0.9951288006701814,0.0,0.02261656365159503,0.06784969095478509,0.02261656365159503,0.04523312730319006,0.04523312730319006,1
44,0.9950980096954045,0.022113289104342324,0.022113289104342324,0.06633986731302698,0.022113289104342324,0.04422657820868465,0.04422657820868465,2
45,0.9941444630694566,0.02161183615368384,0.02161183615368384,0.06483550846105152,0.02161183615368384,0.04322367230736768,0.06483550846105152,2
46,0.993056249306007,0.0,0.021128856368212913,0.06338656910463875,0.021128856368212913,0.042257712736425826,0.08451542547285165,1
47,0.9946184088907778,0.020721216851891204,0.020721216851891204,0.06216365055567361,0.020721216851891204,0.06216365055567361,0.04144243370378241,2
48,0.9940150117686348,0.0,0.020286020648339485,0.06085806194501846,0.020286020648339485,0.06085806194501846,0.06085806194501846,1
49,0.9926811398867188,0.019853622797734376,0.019853622797734376,0.059560868393203126,0.019853622797734376,0.059560868393203126,0.0794144911909375,2
50,0.9954180744075037,0.0,0.019518001458970664,0.05855400437691199,0.03903600291794133,0.019518001458970664,0.05855400437691199,1
51,0.9954090291002811,0.019142481328851556,0.019142481328851556,0.05742744398655467,0.03828496265770311,0.019142481328851556,0.05742744398655467,2
52,0.9945272781790621,0.0,0.018764665626020038,0.05629399687806012,0.037529331252040075,0.018764665626020038,0.07505866250408015,1
53,0.996588185209509,0.018455336763139055,0.018455336763139055,0.05536601028941717,0.03691067352627811,0.03691067352627811,0.018455336763139055,2
54,0.9955668446019953,0.0,0.018101215356399913,0.05430364606919974,0.03620243071279983,0.03620243071279983,0.05430364606919974,2
55,0.9946227666555431,0.0,0.0177611208331347,0.053283362499404095,0.0355222416662694,0.0355222416662694,0.0710444833325388,2
56,0.9957186347728014,0.0174687479784702,0.0174687479784702,0.0524062439354106,0.0349374959569404,0.0524062439354106,0.0349374959569404,1
57,0.9988130559615215,0.0,0.034441829515914534,0.017220914757957267,0.017220914757957267,0.017220914757957267,0.017220914757957267,1
58,0.9984237290480587,0.0,0.03384487217112064,0.01692243608556032,0.01692243608556032,0.01692243608556032,0.03384487217112064,2
59,0.9977851578566089,0.0,0.033259505261886965,0.016629752630943483,0.016629752630943483,0.016629752630943483,0.04988925789283045,1
60,0.9979904862806248,0.01636049977509221,0.03272099955018442,0.01636049977509221,0.01636049977509221,0.03272099955018442,0.03272099955018442,2
61,0.9979253089684582,0.0,0.03219113899898252,0.01609556949949126,0.01609556949949126,0.04828670849847379,0.01609556949949126,2
62,0.9974899558808745,0.015833173902871023,0.03166634780574205,0.015833173902871023,0.015833173902871023,0.04749952170861307,0.03166634780574205,2
63,0.9969621413492434,0.015577533458581929,0.031155066917163857,0.015577533458581929,0.015577533458581929,0.04673260037574579,0.04673260037574579,2
64,0.9963514266630695,0.0,0.03065696697424829,0.015328483487124145,0.015328483487124145,0.04598545046137244,0.06131393394849658,1
65,0.9987397600538102,0.0,0.030264841213751826,0.015132420606875913,0.030264841213751826,0.015132420606875913,0.015132420606875913,1
66,0.998333424762601,0.014900498877053745,0.02980099775410749,0.014900498877053745,0.02980099775410749,0.014900498877053745,0.02980099775410749,2
67,0.9972003821452023,0.0,0.029329423004270657,0.014664711502135329,0.029329423004270657,0.014664711502135329,0.058658846008541314,1
68,0.9981149841863164,0.014465434553424875,0.02893086910684975,0.014465434553424875,0.02893086910684975,0.02893086910684975,0.02893086910684975,1
69,0.9970538870300403,0.0,0.028487253915144006,0.014243626957572003,0.028487253915144006,0.028487253915144006,0.05697450783028801,2
70,0.9981207638800716,0.0,0.028116077855776665,0.014058038927888332,0.028116077855776665,0.042174116783665,0.014058038927888332,1
71,0.9980765514025698,0.013862174325035692,0.027724348650071385,0.013862174325035692,0.027724348650071385,0.04158652297510708,0.013862174325035692,2
72,0.9979421921883698,0.0,0.027340881977763555,0.013670440988881778,0.027340881977763555,0.041011322966645336,0.027340881977763555,2
73,0.9975437761407263,0.0,0.026960642598398008,0.013480321299199004,0.026960642598398008,0.040440963897597014,0.040440963897597014,2
74,0.9969914098703976,0.0,0.026586437596543937,0.013293218798271968,0.026586437596543937,0.0398796563948159,0.05317287519308787,2
75,0.9983593098055479,0.0,0.02627261341593547,0.02627261341593547,0.013136306707967735,0.013136306707967735,0.03940892012390321,1
76,0.9977308034796876,0.012957542902333604,0.02591508580466721,0.02591508580466721,0.012957542902333604,0.012957542902333604,0.05183017160933442,2
77,0.9988514230355274,0.0,0.02561157494962891,0.02561157494962891,0.012805787474814454,0.02561157494962891,0.012805787474814454,1
78,0.9981624240455561,0.012634967392981724,0.025269934785963448,0.025269934785963448,0.012634967392981724,0.025269934785963448,0.03790490217894517,1
79,0.9978196516653365,0.012472745645816706,0.024945491291633412,0.024945491291633412,0.012472745645816706,0.03741823693745012,0.03741823693745012,1
80,0.9979487157886733,0.0,0.024640709031819093,0.024640709031819093,0.012320354515909546,0.03696106354772864,0.03696106354772864,2
81,0.9974074990640632,0.012163506086147111,0.024327012172294223,0.024327012172294223,0.012163506086147111,0.03649051825844134,0.048654024344588445,1
82,0.9989854334658644,0.0,0.024071938155803965,0.024071938155803965,0.024071938155803965,0.012035969077901982,0.012035969077901982,1
83,0.9987975238798246,0.0,0.023780893425710107,0.023780893425710107,0.023780893425710107,0.011890446712855053,0.023780893425710107,2
84,0.9984809768210648,0.0,0.023493670042848584,0.023493670042848584,0.023493670042848584,0.011746835021424292,0.03524050506427288,2
85,0.9979780258344761,0.011604395649238094,0.023208791298476188,0.023208791298476188,0.023208791298476188,0.011604395649238094,0.046417582596952375,1
86,0.9980897785804993,0.0,0.022944592611045964,0.022944592611045964,0.022944592611045964,0.011472296305522982,0.04588918522209193,2
87,0.9988398320296185,0.011350452636700209,0.022700905273400417,0.022700905273400417,0.022700905273400417,0.022700905273400417,0.011350452636700209,1
88,0.9987399188543329,0.0,0.02244359368211984,0.02244359368211984,0.02244359368211984,0.02244359368211984,0.02244359368211984,2
89,0.9984603532054125,0.0,0.022188007849009164,0.022188007849009164,0.022188007849009164,0.022188007849009164,0.033282011773513746,1
90,0.9986141649714847,0.010973782032653678,0.021947564065307356,0.021947564065307356,0.021947564065307356,0.03292134609796103,0.010973782032653678,1
91,0.9985264204661528,0.0,0.02170709609709028,0.02170709609709028,0.02170709609709028,0.03256064414563542,0.02170709609709028,1
92,0.9985578718232693,0.0,0.021474362834909017,0.021474362834909017,0.021474362834909017,0.03221154425236353,0.021474362834909017,2
93,0.9979128449957924,0.0,0.021232188191399836,0.021232188191399836,0.021232188191399836,0.03184828228709975,0.04246437638279967,2
94,0.9991147502967769,0.0,0.021033994743090038,0.03155099211463506,0.010516997371545019,0.010516997371545019,0.010516997371545019,1
95,0.999133073092352,0.0,0.020815272356090667,0.031222908534136,0.010407636178045333,0.010407636178045333,0.010407636178045333,2
96,0.9986741263294837,0.010295609549788491,0.020591219099576983,0.030886828649365476,0.010295609549788491,0.010295609549788491,0.030886828649365476,2
97,0.9990122940952765,0.0,0.02038800600194442,0.03058200900291663,0.01019400300097221,0.02038800600194442,0.01019400300097221,1
98,0.9985746276607642,0.01008661240061378,0.02017322480122756,0.03025983720184134,0.01008661240061378,0.02017322480122756,0.03025983720184134,1
99,0.9986527276135588,0.0,0.019973054552271177,0.029959581828406766,0.009986527276135589,0.019973054552271177,0.029959581828406766,2
100,0.9983376510287745,0.0,0.019769062396609395,0.029653593594914096,0.009884531198304698,0.019769062396609395,0.03953812479321879,2
101,0.9988006999594686,0.009792163725092829,0.019584327450185658,0.029376491175278487,0.009792163725092829,0.029376491175278487,0.009792163725092829,2
102,0.9986829721472277,0.009695951185895415,0.01939190237179083,0.029087853557686245,0.009695951185895415,0.029087853557686245,0.01939190237179083,1
103,0.9981560006437988,0.009597653852344219,0.019195307704688438,0.02879296155703266,0.009597653852344219,0.02879296155703266,0.038390615409376876,1
104,0.999094202712672,0.009515182882977829,0.019030365765955657,0.028545548648933487,0.019030365765955657,0.009515182882977829,0.009515182882977829,2
105,0.998978072734188,0.009424321440888566,0.018848642881777133,0.028272964322665697,0.018848642881777133,0.009424321440888566,0.018848642881777133,1
106,0.9987794241309936,0.009334387141411155,0.01866877428282231,0.028003161424233466,0.01866877428282231,0.009334387141411155,0.028003161424233466,1
107,0.9985457026395304,0.0,0.01849158708591723,0.027737380628875843,0.01849158708591723,0.009245793542958614,0.03698317417183446,2
108,0.9990334710829694,0.009165444688834581,0.018330889377669163,0.027496334066503744,0.018330889377669163,0.018330889377669163,0.009165444688834581,1
109,0.9989685402102995,0.0,0.018163064367459993,0.027244596551189985,0.018163064367459993,0.018163064367459993,0.018163064367459993,1
110,0.9987847850657293,0.0,0.017996122253436567,0.026994183380154847,0.017996122253436567,0.017996122253436567,0.026994183380154847,2
111,0.998607823353924,0.0,0.0178322825598915,0.02674842383983725,0.0178322825598915,0.02674842383983725,0.02674842383983725,1
112,0.9986323043168802,0.0,0.01767490804100673,0.026512362061510093,0.01767490804100673,0.026512362061510093,0.026512362061510093,2
113,0.9983880242830206,0.0,0.017515579373386325,0.02627336906007949,0.017515579373386325,0.02627336906007949,0.03503115874677265,2
114,0.9989430768600431,0.0,0.026059384613740254,0.008686461537913418,0.008686461537913418,0.008686461537913418,0.03474584615165367,1
115,0.9994059993535875,0.0,0.02584670687983416,0.00861556895994472,0.00861556895994472,0.01723113791988944,0.00861556895994472,2
116,0.9992702859506938,0.008540771674792254,0.025622315024376764,0.008540771674792254,0.008540771674792254,0.01708154334958451,0.01708154334958451,2
117,0.9991034765370634,0.008466978614720877,0.025400935844162628,0.008466978614720877,0.008466978614720877,0.016933957229441753,0.025400935844162628,2
118,0.9989072383361985,0.0,0.0251825354202403,0.008394178473413432,0.008394178473413432,0.016788356946826864,0.03357671389365373,1
119,0.9988907373180402,0.008324089477650336,0.024972268432951007,0.008324089477650336,0.008324089477650336,0.01664817895530067,0.03329635791060134,2
120,0.9992836064374649,0.0,0.02477562660588756,0.00825854220196252,0.00825854220196252,0.02477562660588756,0.00825854220196252,1
121,0.9992952901019093,0.0,0.02457283500250597,0.008190945000835323,0.008190945000835323,0.02457283500250597,0.008190945000835323,2
122,0.999174794796,0.008123372315414634,0.024370116946243903,0.008123372315414634,0.008123372315414634,0.024370116946243903,0.016246744630829268,2
123,0.9990258789128711,0.008056660313813477,0.02416998094144043,0.008056660313813477,0.008056660313813477,0.02416998094144043,0.02416998094144043,2
124,0.9994883928807561,0.0,0.023987721429138145,0.007995907143046049,0.015991814286092098,0.007995907143046049,0.007995907143046049,1
125,0.9993707129198719,0.007931513594602157,0.023794540783806474,0.007931513594602157,0.015863027189204314,0.007931513594602157,0.015863027189204314,2
126,0.9992568277910738,0.0,0.023604491995064737,0.007868163998354912,0.015736327996709824,0.007868163998354912,0.023604491995064737,1
127,0.999237932553046,0.007806546348070672,0.023419639044212015,0.007806546348070672,0.015613092696141345,0.007806546348070672,0.023419639044212015,2
128,0.9990698649291735,0.0,0.023234182905329616,0.007744727635109872,0.015489455270219743,0.007744727635109872,0.030978910540439487,1
129,0.9990545968106335,0.007685035360081796,0.023055106080245386,0.007685035360081796,0.015370070720163592,0.007685035360081796,0.030740141440327183,2
130,0.9993305487294162,0.007628477471216917,0.02288543241365075,0.007628477471216917,0.015256954942433834,0.015256954942433834,0.015256954942433834,1
131,0.9992833697894284,0.0075703285590108214,0.022710985677032464,0.0075703285590108214,0.015140657118021643,0.022710985677032464,0.0075703285590108214,2
132,0.9992094860424587,0.007512853278514727,0.022538559835544182,0.007512853278514727,0.015025706557029454,0.022538559835544182,0.015025706557029454,1
133,0.9992490090033141,0.0,0.02237124647022345,0.00745708215674115,0.0149141643134823,0.02237124647022345,0.0149141643134823,2
134,0.998931755313636,0.0,0.022198483451414133,0.00739949448380471,0.01479898896760942,0.022198483451414133,0.02959797793521884,2
135,0.999567754464353,0.0,0.02204928870141955,0.014699525800946368,0.007349762900473184,0.007349762900473184,0.007349762900473184,2
136,0.9994676319895268,0.007295384175106036,0.021886152525318107,0.014590768350212072,0.007295384175106036,0.007295384175106036,0.014590768350212072,2
137,0.9993704752287652,0.0,0.02172544511366881,0.014483630075779205,0.0072418150378896025,0.0072418150378896025,0.02172544511366881,1
138,0.9993536627254285,0.007189594695866392,0.021568784087599175,0.014379189391732784,0.007189594695866392,0.007189594695866392,0.021568784087599175,2
139,0.999490186048945,0.007139215614635322,0.021417646843905964,0.014278431229270644,0.007139215614635322,0.014278431229270644,0.007139215614635322,2
140,0.9994220596805965,0.007088099714046784,0.021264299142140352,0.014176199428093568,0.007088099714046784,0.014176199428093568,0.014176199428093568,1
141,0.9994054107094973,0.0,0.02111419881780628,0.014076132545204187,0.007038066272602094,0.02111419881780628,0.007038066272602094,1
142,0.9993160722209229,0.006988224281265195,0.020964672843795586,0.01397644856253039,0.006988224281265195,0.020964672843795586,0.01397644856253039,1
143,0.9992052308993353,0.006938925214578718,0.020816775643736154,0.013877850429157436,0.006938925214578718,0.020816775643736154,0.020816775643736154,1
144,0.9992398687675388,0.0,0.020673928319328388,0.013782618879552259,0.0068913094397761296,0.020673928319328388,0.020673928319328388,2
145,0.9995546231070329,0.0,0.020538793625486978,0.013692529083657985,0.013692529083657985,0.006846264541828993,0.006846264541828993,1
146,0.9994913412077548,0.0,0.020397782473627647,0.013598521649085099,0.013598521649085099,0.006799260824542549,0.013598521649085099,2
147,0.9993614594559851,0.006752442293621521,0.020257326880864564,0.013504884587243042,0.013504884587243042,0.006752442293621521,0.020257326880864564,1
148,0.9993924733646374,0.0,0.020121996108012834,0.013414664072008555,0.013414664072008555,0.0067073320360042776,0.020121996108012834,2
149,0.9994892804072393,0.006663261869381595,0.019989785608144784,0.01332652373876319,0.01332652373876319,0.01332652373876319,0.006663261869381595,1
150,0.9994522288395831,0.0,0.019856666798137412,0.013237777865424941,0.013237777865424941,0.013237777865424941,0.013237777865424941,1
151,0.9994594068217016,0.0,0.0197261725030599,0.0131507816687066,0.0131507816687066,0.0131507816687066,0.0131507816687066,2
152,0.9993598360524388,0.0,0.019595290902988997,0.013063527268659331,0.013063527268659331,0.013063527268659331,0.019595290902988997,2
153,0.9994102034284926,0.006489676645639562,0.019469029936918687,0.012979353291279125,0.012979353291279125,0.019469029936918687,0.006489676645639562,1
154,0.9992723869937298,0.0,0.019340755877297996,0.012893837251531997,0.012893837251531997,0.019340755877297996,0.019340755877297996,2
155,0.9991381962080276,0.0,0.019214196080923607,0.012809464053949072,0.012809464053949072,0.019214196080923607,0.025618928107898144,2
156,0.9995742912263119,0.0,0.01910014569222252,0.01910014569222252,0.00636671523074084,0.00636671523074084,0.00636671523074084,1
157,0.9995196541232743,0.0,0.018978221280821665,0.018978221280821665,0.006326073760273888,0.006326073760273888,0.012652147520547776,1
158,0.9994269397124508,0.0,0.018857112070046242,0.018857112070046242,0.006285704023348747,0.006285704023348747,0.018857112070046242,1
159,0.9994145769817319,0.006246341106135824,0.01873902331840747,0.01873902331840747,0.006246341106135824,0.006246341106135824,0.01873902331840747,2
160,0.9993833107912241,0.0,0.01862204926940169,0.01862204926940169,0.00620734975646723,0.01241469951293446,0.01862204926940169,2
161,0.9995430660031029,0.0,0.018510056777835238,0.018510056777835238,0.012340037851890159,0.0061700189259450795,0.0061700189259450795,1
162,0.9994734862365358,0.006131739179365251,0.01839521753809575,0.01839521753809575,0.012263478358730501,0.012263478358730501,0.006131739179365251,1
163,0.9994427623691978,0.0,0.018282489555534107,0.018282489555534107,0.01218832637035607,0.01218832637035607,0.01218832637035607,1
164,0.9993578275563593,0.0,0.018170142319206533,0.018170142319206533,0.012113428212804355,0.012113428212804355,0.018170142319206533,1
165,0.9993655339299115,0.0,0.018060822902347798,0.018060822902347798,0.012040548601565197,0.012040548601565197,0.018060822902347798,2
166,0.9994088934148322,0.005984484391705582,0.017953453175116745,0.017953453175116745,0.011968968783411164,0.017953453175116745,0.005984484391705582,1
167,0.9993805363959837,0.0,0.01784608100707114,0.01784608100707114,0.011897387338047426,0.01784608100707114,0.011897387338047426,1
168,0.9991782137878495,0.0,0.01773689136901508,0.01773689136901508,0.011824594246010053,0.01773689136901508,0.023649188492020107,2
169,0.9999135060327924,0.0,0.005881844153134073,0.005881844153134073,0.005881844153134073,0.005881844153134073,0.005881844153134073,1
170,0.9999145145708351,0.0,0.0058474533015838315,0.0058474533015838315,0.0058474533015838315,0.0058474533015838315,0.0058474533015838315,2
171,0.9998648191950567,0.0,0.005813167553459632,0.005813167553459632,0.005813167553459632,0.005813167553459632,0.011626335106919263,1
172,0.9998663771498961,0.0,0.005779574434392464,0.005779574434392464,0.005779574434392464,0.005779574434392464,0.011559148868784928,2
173,0.9997853776091111,0.0,0.005745892974765006,0.005745892974765006,0.005745892974765006,0.005745892974765006,0.017237678924295022,1
174,0.9997878226499918,0.0,0.005713073272285667,0.005713073272285667,0.005713073272285667,0.005713073272285667,0.017139219816857003,2
175,0.9996773256667956,0.0,0.005679984804924975,0.005679984804924975,0.005679984804924975,0.005679984804924975,0.0227199392196999,1
176,0.9996809596651828,0.0,0.005647915026356965,0.005647915026356965,0.005647915026356965,0.005647915026356965,0.02259166010542786,2
177,0.9998737772162848,0.0,0.0056172684113274425,0.0056172684113274425,0.0056172684113274425,0.011234536822654885,0.0056172684113274425,1
178,0.999875183324006,0.0,0.005585894878905062,0.005585894878905062,0.005585894878905062,0.011171789757810123,0.005585894878905062,2
179,0.9998302901255203,0.0,0.005554612722919557,0.005554612722919557,0.005554612722919557,0.011109225445839114,0.011109225445839114,1
180,0.9998321597217289,0.0,0.00552393458409795,0.00552393458409795,0.00552393458409795,0.0110478691681959,0.0110478691681959,2
181,0.9997585707352551,0.0,0.005493178960083819,0.005493178960083819,0.005493178960083819,0.010986357920167639,0.016479536880251458,1
182,0.9997612011547695,0.0,0.005463175962594369,0.005463175962594369,0.005463175962594369,0.010926351925188737,0.01638952788778311,2
183,0.9996604990565879,0.0,0.0054329374948727605,0.0054329374948727605,0.0054329374948727605,0.010865874989745521,0.021731749979491042,1
184,0.9996641575736313,0.0,0.0054035900409385475,0.0054035900409385475,0.0054035900409385475,0.010807180081877095,0.02161436016375419,2
185,0.9998121699411995,0.0,0.005375334246995696,0.005375334246995696,0.005375334246995696,0.016126002740987088,0.005375334246995696,1
186,0.9998141728890794,0.0,0.005346599855021814,0.005346599855021814,0.005346599855021814,0.016039799565065443,0.005346599855021814,2
187,0.999773730057065,0.0,0.005317945372643963,0.005317945372643963,0.005317945372643963,0.01595383611793189,0.010635890745287925,1
188,0.9997761173117213,0.0,0.005289820726517044,0.005289820726517044,0.005289820726517044,0.015869462179551132,0.010579641453034088,2
189,0.9997092681109514,0.0,0.005261627726899744,0.005261627726899744,0.005261627726899744,0.015784883180699233,0.015784883180699233,1
190,0.9997123031443265,0.0,0.005234095827980767,0.005234095827980767,0.005234095827980767,0.0157022874839423,0.0157022874839423,2
191,0.9996204419003845,0.0,0.005206356468231169,0.005206356468231169,0.005206356468231169,0.015619069404693507,0.020825425872924675,1
192,0.9996243627449971,0.0,0.005179400843238327,0.005179400843238327,0.005179400843238327,0.015538202529714981,0.020717603372953308,2
193,0.9998937357204375,0.0,0.0051540914212393684,0.0051540914212393684,0.010308182842478737,0.0051540914212393684,0.0051540914212393684,1
194,0.9998948226443937,0.0,0.005127665757150737,0.005127665757150737,0.010255331514301474,0.005127665757150737,0.005127665757150737,2
195,0.9998568612262262,0.0,0.0051013105164603376,0.0051013105164603376,0.010202621032920675,0.0051013105164603376,0.010202621032920675,1
196,0.9998583104154054,0.0,0.005075422895509672,0.005075422895509672,0.010150845791019344,0.005075422895509672,0.010150845791019344,2
197,0.9997960016298644,0.0,0.0050494747557063855,0.0050494747557063855,0.010098949511412771,0.0050494747557063855,0.015148424267119157,1
198,0.9997980460939192,0.0,0.0050241107843915535,0.0050241107843915535,0.010048221568783107,0.0050241107843915535,0.015072332353174662,2
199,0.9997126239249957,0.0,0.0049985631196249785,0.0049985631196249785,0.009997126239249957,0.0049985631196249785,0.019994252478499914,1
200,0.9997154750581042,0.0,0.004973708831134847,0.004973708831134847,0.009947417662269694,0.004973708831134847,0.019894835324539388,2
201,0.9998652365398876,0.0,0.00494982790366281,0.00494982790366281,0.00989965580732562,0.00989965580732562,0.00494982790366281,1
202,0.9998665607233748,0.0,0.004925451038046181,0.004925451038046181,0.009850902076092362,0.009850902076092362,0.004925451038046181,2
203,0.9998318378905386,0.0,0.004901136460247739,0.004901136460247739,0.009802272920495477,0.009802272920495477,0.009802272920495477,1
204,0.9998215825612491,0.004877178451518288,0.004877178451518288,0.004877178451518288,0.009754356903036577,0.009754356903036577,0.009754356903036577,2
205,0.9997762086178772,0.0,0.0048532825661062,0.0048532825661062,0.0097065651322124,0.0097065651322124,0.0145598476983186,1
206,0.9997667039908529,0.004829790840535521,0.004829790840535521,0.004829790840535521,0.009659581681071042,0.009659581681071042,0.014489372521606564,2
207,0.9996996545960188,0.0,0.004806248339403936,0.004806248339403936,0.009612496678807873,0.009612496678807873,0.019224993357615745,1
208,0.9996910843437631,0.004783210929874465,0.004783210929874465,0.004783210929874465,0.00956642185974893,0.00956642185974893,0.01913284371949786,2
209,0.9998186434515373,0.0,0.004761041159293035,0.004761041159293035,0.00952208231858607,0.014283123477879104,0.004761041159293035,1
210,0.9998203579353615,0.0,0.0047384851086983955,0.0047384851086983955,0.009476970217396791,0.014215455326095187,0.0047384851086983955,2
211,0.9997886928404451,0.0,0.004715984400190779,0.004715984400190779,0.009431968800381559,0.014147953200572338,0.009431968800381559,1
212,0.9997796580265866,0.004693801211392425,0.004693801211392425,0.004693801211392425,0.00938760242278485,0.014081403634177278,0.00938760242278485,2
213,0.9997380713274142,0.0,0.0046716732305019356,0.0046716732305019356,0.009343346461003871,0.014015019691505808,0.014015019691505808,1
214,0.9997296931968458,0.004649905549752771,0.004649905549752771,0.004649905549752771,0.009299811099505543,0.013949716649258313,0.013949716649258313,2
215,0.999667946669509,0.0,0.004628092345692171,0.004628092345692171,0.009256184691384343,0.013884277037076512,0.018512369382768686,1
216,0.9996603909650963,0.00460672991228155,0.00460672991228155,0.00460672991228155,0.0092134598245631,0.01382018973684465,0.0184269196491262,2
217,0.9999158426255611,0.0,0.0045867699203007385,0.009173539840601477,0.0045867699203007385,0.0045867699203007385,0.0045867699203007385,1
218,0.9999166093354398,0.0,0.004565829266371871,0.009131658532743742,0.004565829266371871,0.004565829266371871,0.004565829266371871,2
219,0.9998863830025305,0.0,0.004544938104556957,0.009089876209113914,0.004544938104556957,0.004544938104556957,0.009089876209113914,1
220,0.9998874087111382,0.0,0.004524377414982526,0.009048754829965052,0.004524377414982526,0.004524377414982526,0.009048754829965052,2
221,0.9998377150265199,0.0,0.00450377349111045,0.0090075469822209,0.00450377349111045,0.00450377349111045,0.013511320473331348,1
222,0.9998391668834213,0.0,0.004483583707997405,0.00896716741599481,0.004483583707997405,0.004483583707997405,0.013450751123992214,2
223,0.9997708855244293,0.0,0.004463262881805488,0.008926525763610976,0.004463262881805488,0.004463262881805488,0.017853051527221952,1
224,0.9997729168797147,0.0,0.004443435186132065,0.00888687037226413,0.004443435186132065,0.004443435186132065,0.01777374074452826,2
225,0.9998923347212509,0.0,0.004424302366023234,0.008848604732046468,0.004424302366023234,0.008848604732046468,0.004424302366023234,1
226,0.9998932810730945,0.0,0.004404816216181033,0.008809632432362066,0.004404816216181033,0.008809632432362066,0.004404816216181033,2
227,0.9998653703751027,0.0,0.004385374431469749,0.008770748862939498,0.004385374431469749,0.008770748862939498,0.008770748862939498,1
228,0.9998570128061554,0.00436618782884784,0.00436618782884784,0.00873237565769568,0.00436618782884784,0.00873237565769568,0.00873237565769568,2
229,0.9998204642402272,0.0,0.00434704549669664,0.00869409099339328,0.00434704549669664,0.00869409099339328,0.01304113649008992,1
230,0.9998126498784518,0.0043281932895171075,0.0043281932895171075,0.008656386579034215,0.0043281932895171075,0.008656386579034215,0.012984579868551322,2
231,0.9997585595254863,0.0,0.004309304135885717,0.008618608271771433,0.004309304135885717,0.008618608271771433,0.017237216543542867,1
232,0.9997514235566028,0.004290778641873832,0.004290778641873832,0.008581557283747664,0.004290778641873832,0.008581557283747664,0.01716311456749533,2
233,0.9998539293010028,0.0,0.004272880039747875,0.00854576007949575,0.004272880039747875,0.012818640119243626,0.004272880039747875,1
234,0.9998551695413952,0.0,0.00425470284911232,0.00850940569822464,0.00425470284911232,0.01276410854733696,0.00425470284911232,2
235,0.9998294748261035,0.0,0.004236565571297049,0.008473131142594098,0.004236565571297049,0.012709696713891147,0.008473131142594098,1
236,0.9998220133831837,0.0042186582843172305,0.0042186582843172305,0.008437316568634461,0.0042186582843172305,0.012655974852951692,0.008437316568634461,2
237,0.99978821785086,0.0,0.004200790831306134,0.008401581662612269,0.004200790831306134,0.012602372493918403,0.012602372493918403,1
238,0.9997812381022043,0.004183185096661943,0.004183185096661943,0.008366370193323886,0.004183185096661943,0.01254955528998583,0.01254955528998583,2
239,0.9997310113490577,0.0,0.004165545880621074,0.008331091761242148,0.004165545880621074,0.012496637641863222,0.016662183522484296,1
240,0.9997246364288213,0.004148235005928719,0.004148235005928719,0.008296470011857437,0.004148235005928719,0.012444705017786157,0.016592940023714874,2
241,0.9999060988776746,0.0,0.004131843383792044,0.008263686767584088,0.008263686767584088,0.004131843383792044,0.004131843383792044,1
242,0.9999068700284567,0.0,0.004114843086536858,0.008229686173073717,0.008229686173073717,0.004114843086536858,0.004114843086536858,2
243,0.9998824448116316,0.0,0.004097878872178818,0.008195757744357636,0.008195757744357636,0.004097878872178818,0.008195757744357636,1
244,0.9998750754747463,0.004081122757039781,0.004081122757039781,0.008162245514079562,0.008162245514079562,0.004081122757039781,0.008162245514079562,2
245,0.9998430536788052,0.0,0.0040644026572309155,0.008128805314461831,0.008128805314461831,0.0040644026572309155,0.012193207971692746,1
246,0.9998361300460943,0.004047919554842487,0.004047919554842487,0.008095839109684973,0.008095839109684973,0.004047919554842487,0.012143758664527462,2
247,0.9997886986249949,0.0,0.004031406042842721,0.008062812085685442,0.008062812085685442,0.004031406042842721,0.016125624171370884,1
248,0.9997823326656602,0.004015190091026748,0.004015190091026748,0.008030380182053496,0.008030380182053496,0.004015190091026748,0.01606076036410699,2
249,0.9998880188124883,0.0,0.003999552075249954,0.007999104150499908,0.007999104150499908,0.007999104150499908,0.003999552075249954,1
250,0.9998809755241788,0.003983589543921031,0.003983589543921031,0.007967179087842061,0.007967179087842061,0.007967179087842061,0.003983589543921031,2
251,0.9998583067651406,0.003967691693512463,0.003967691693512463,0.007935383387024927,0.007935383387024927,0.007935383387024927,0.007935383387024927,1
252,0.9998672326195791,0.0,0.003952044397705847,0.007904088795411693,0.007904088795411693,0.007904088795411693,0.007904088795411693,2
253,0.9998217972891291,0.003936306288539878,0.003936306288539878,0.007872612577079757,0.007872612577079757,0.007872612577079757,0.011808918865619635,1
254,0.9998308772079569,0.0,0.003920905400815518,0.007841810801631035,0.007841810801631035,0.007841810801631035,0.011762716202446552,2
255,0.9997711967144408,0.0039053562371657844,0.0039053562371657844,0.007810712474331569,0.007810712474331569,0.007810712474331569,0.015621424948663138,1
256,0.9997805382839666,0.0,0.0038901966470193255,0.007780393294038651,0.007780393294038651,0.007780393294038651,0.015560786588077302,2
257,0.999857310757667,0.0,0.003875415933169252,0.007750831866338504,0.007750831866338504,0.011626247799507756,0.003875415933169252,1
258,0.9998509598179394,0.0038604284162854804,0.0038604284162854804,0.007720856832570961,0.007720856832570961,0.01158128524885644,0.0038604284162854804,2
259,0.9998299250548762,0.003845499711749524,0.003845499711749524,0.007690999423499048,0.007690999423499048,0.011536499135248571,0.007690999423499048,1
260,0.9998385617307404,0.0,0.003830799087090959,0.007661598174181918,0.007661598174181918,0.011492397261272878,0.007661598174181918,2
261,0.9997961115539866,0.0038160156929541475,0.0038160156929541475,0.007632031385908295,0.007632031385908295,0.011448047078862442,0.011448047078862442,1
262,0.9998048829821323,0.0,0.0038015394790195146,0.007603078958039029,0.007603078958039029,0.011404618437058544,0.011404618437058544,2
263,0.9997490040801085,0.0037869280457579865,0.0037869280457579865,0.007573856091515973,0.007573856091515973,0.01136078413727396,0.015147712183031946,1
264,0.9997580088362517,0.0,0.0037726717314575534,0.007545343462915107,0.007545343462915107,0.01131801519437266,0.015090686925830214,2
265,0.9999081476559817,0.0,0.003759053186676623,0.011277159560029868,0.003759053186676623,0.003759053186676623,0.003759053186676623,1
266,0.9999088343061623,0.0,0.0037449769075137166,0.011234930722541149,0.0037449769075137166,0.0037449769075137166,0.0037449769075137166,2
267,0.9998886352243331,0.0,0.0037309277433743774,0.011192783230123132,0.0037309277433743774,0.0037309277433743774,0.007461855486748755,1
268,0.9998894615391868,0.0,0.003717061195312962,0.011151183585938886,0.003717061195312962,0.003717061195312962,0.007434122390625924,2
269,0.9998559981889449,0.0,0.0037031703636627587,0.011109511090988277,0.0037031703636627587,0.0037031703636627587,0.011109511090988277,1
270,0.999857058744722,0.0,0.0036895094418624426,0.011068528325587327,0.0036895094418624426,0.0036895094418624426,0.011068528325587327,2
271,0.9998108235913078,0.0,0.003675775086732749,0.011027325260198248,0.003675775086732749,0.003675775086732749,0.014703100346930996,1
272,0.9998122065711142,0.0,0.0036623157749857663,0.0109869473249573,0.0036623157749857663,0.0036623157749857663,0.014649263099943065,2
273,0.9998934583419095,0.0,0.0036492461983281366,0.01094773859498441,0.0036492461983281366,0.007298492396656273,0.0036492461983281366,1
274,0.9998942316588129,0.0,0.003635979024213865,0.010907937072641595,0.003635979024213865,0.00727195804842773,0.003635979024213865,2
275,0.9998753121293482,0.0,0.0036227366381498126,0.010868209914449438,0.0036227366381498126,0.007245473276299625,0.007245473276299625,1
276,0.999869696653257,0.0036096378940550793,0.0036096378940550793,0.010828913682165238,0.0036096378940550793,0.0072192757881101586,0.0072192757881101586,2
277,0.999844764688206,0.0,0.003596563901756137,0.01078969170526841,0.003596563901756137,0.007193127803512274,0.01078969170526841,1
278,0.9998394549163009,0.0035836539602734797,0.0035836539602734797,0.010750961880820439,0.0035836539602734797,0.007167307920546959,0.010750961880820439,2
279,0.9998023545294108,0.0,0.0035707226947478956,0.010712168084243686,0.0035707226947478956,0.007141445389495791,0.014282890778991583,1
280,0.9997974298896732,0.003557997971137627,0.003557997971137627,0.010673993913412881,0.003557997971137627,0.007115995942275254,0.014231991884550509,2
281,0.9998679905324603,0.0,0.003545631172100923,0.01063689351630277,0.003545631172100923,0.01063689351630277,0.003545631172100923,1
282,0.9998689216301766,0.0,0.0035331057301419668,0.010599317190425901,0.0035331057301419668,0.010599317190425901,0.0035331057301419668,2
283,0.9998512531910357,0.0,0.0035206030041937874,0.010561809012581363,0.0035206030041937874,0.010561809012581363,0.007041206008387575,1
284,0.9998461420100133,0.0035082320772281167,0.0035082320772281167,0.01052469623168435,0.0035082320772281167,0.01052469623168435,0.007016464154456233,2
285,0.9998227768410416,0.0,0.003495883835108537,0.01048765150532561,0.003495883835108537,0.01048765150532561,0.01048765150532561,1
286,0.9998179423833247,0.0034836862103948597,0.0034836862103948597,0.010451058631184578,0.0034836862103948597,0.010451058631184578,0.010451058631184578,2
287,0.999783056728112,0.0,0.003471468946972611,0.010414406840917833,0.003471468946972611,0.010414406840917833,0.013885875787890445,1
288,0.9997785723876564,0.003459441426946908,0.003459441426946908,0.010378324280840723,0.003459441426946908,0.010378324280840723,0.013837765707787632,2
289,0.999904888719587,0.0,0.0034479478921365073,0.01034384367640952,0.0068958957842730146,0.0034479478921365073,0.0034479478921365073,1
290,0.9999055411897342,0.0,0.003436101516115925,0.010308304548347776,0.00687220303223185,0.003436101516115925,0.003436101516115925,2
291,0.9998885999650617,0.0,0.0034242760272776085,0.010272828081832826,0.006848552054555217,0.0034242760272776085,0.006848552054555217,1
292,0.999883536755405,0.003412571797800017,0.003412571797800017,0.010237715393400052,0.006825143595600034,0.003412571797800017,0.006825143595600034,2
293,0.9998611978617785,0.0,0.0034008884281012874,0.010202665284303863,0.006801776856202575,0.0034008884281012874,0.010202665284303863,1
294,0.9998563940539734,0.003389343708657537,0.003389343708657537,0.010168031125972612,0.006778687417315074,0.003389343708657537,0.010168031125972612,2
295,0.9998231386037509,0.0,0.0033777808736613207,0.010133342620983962,0.0067555617473226415,0.0033777808736613207,0.013511123494645283,1
296,0.9998186619503865,0.0033663928011797525,0.0033663928011797525,0.010099178403539258,0.006732785602359505,0.0033663928011797525,0.01346557120471901,2
297,0.9998930399999193,0.0,0.00335534577181181,0.01006603731543543,0.00671069154362362,0.00671069154362362,0.00335534577181181,1
298,0.9998881631919202,0.0033441075692037464,0.0033441075692037464,0.010032322707611238,0.006688215138407493,0.006688215138407493,0.0033441075692037464,2
299,0.9998722467077485,0.0033329074890258285,0.0033329074890258285,0.009998722467077486,0.006665814978051657,0.006665814978051657,0.006665814978051657,1
300,0.9998786106431922,0.0,0.003321855849312931,0.009965567547938793,0.006643711698625862,0.006643711698625862,0.006643711698625862,2
301,0.99984653329589,0.0033107501102512915,0.0033107501102512915,0.009932250330753874,0.006621500220502583,0.006621500220502583,0.009932250330753874,1
302,0.999852988017729,0.0,0.0032998448449430002,0.009899534534829,0.0065996896898860005,0.0065996896898860005,0.009899534534829,2
303,0.9998106926199135,0.003288850962565505,0.003288850962565505,0.009866552887696514,0.00657770192513101,0.00657770192513101,0.01315540385026202,1
304,0.9998173035057106,0.0,0.0032780895196908547,0.009834268559072564,0.006556179039381709,0.006556179039381709,0.013112358078763419,2
305,0.9998718687931188,0.0,0.003267555126774898,0.009802665380324694,0.006535110253549796,0.009802665380324694,0.003267555126774898,1
306,0.9998673989773283,0.0032568970650727305,0.0032568970650727305,0.009770691195218192,0.006513794130145461,0.009770691195218192,0.0032568970650727305,2
307,0.9998524529685808,0.0032462741979499376,0.0032462741979499376,0.009738822593849812,0.006492548395899875,0.009738822593849812,0.006492548395899875,1
308,0.9998586405930032,0.0,0.0032357884808835056,0.009707365442650516,0.006471576961767011,0.009707365442650516,0.006471576961767011,2
309,0.9998283480568578,0.0032252527356672837,0.0032252527356672837,0.009675758207001851,0.006450505471334567,0.009675758207001851,0.009675758207001851,1
310,0.9998346167749298,0.0,0.0032149023047425397,0.009644706914227618,0.0064298046094850795,0.009644706914227618,0.009644706914227618,2
311,0.9997946063609283,0.0032044698921824626,0.0032044698921824626,0.009613409676547387,0.006408939784364925,0.009613409676547387,0.01281787956872985,1
312,0.9998010168529229,0.0,0.0031942524500093382,0.009582757350028014,0.0063885049000186765,0.009582757350028014,0.012777009800037353,2
313,0.9999594328715274,0.0,0.006369168362239028,0.003184584181119514,0.003184584181119514,0.003184584181119514,0.003184584181119514,1
314,0.9999596900162083,0.0,0.0063489504128013225,0.0031744752064006613,0.0031744752064006613,0.0031744752064006613,0.0031744752064006613,2
315,0.999944925235966,0.0,0.006328765349594722,0.003164382674797361,0.003164382674797361,0.003164382674797361,0.006328765349594722,1
316,0.9999452721342712,0.0,0.006308802978765118,0.003154401489382559,0.003154401489382559,0.003154401489382559,0.006308802978765118,2
317,0.9999208985918712,0.0,0.006288810682967743,0.0031444053414838714,0.0031444053414838714,0.0031444053414838714,0.009433216024451614,1
318,0.9999213936897571,0.0,0.006269099646957725,0.0031345498234788623,0.0031345498234788623,0.0031345498234788623,0.009403649470436587,2
319,0.999887714227474,0.0,0.006249298213921712,0.003124649106960856,0.003124649106960856,0.003124649106960856,0.012498596427843425,1
320,0.9998884126206704,0.0,0.006229834346546233,0.0031149171732731164,0.0031149171732731164,0.0031149171732731164,0.012459668693092465,2
321,0.9999469584274248,0.0,0.0062108506734622655,0.0031054253367311328,0.0031054253367311328,0.0062108506734622655,0.0031054253367311328,1
322,0.9999472863238793,0.0,0.006191624063924949,0.0030958120319624746,0.0030958120319624746,0.006191624063924949,0.0030958120319624746,2
323,0.9999333247607285,0.0,0.0061724279306217805,0.0030862139653108902,0.0030862139653108902,0.0061724279306217805,0.0061724279306217805,1
324,0.9999290016447058,0.0030767046204452485,0.006153409240890497,0.0030767046204452485,0.0030767046204452485,0.006153409240890497,0.006153409240890497,2
325,0.9999106220935696,0.0,0.006134420994439077,0.0030672104972195384,0.0030672104972195384,0.006134420994439077,0.009201631491658617,1
326,0.9999064931176891,0.0030578180217666335,0.006115636043533267,0.0030578180217666335,0.0030578180217666335,0.006115636043533267,0.0091734540652999,2
327,0.9998791860855136,0.0,0.006096824305399473,0.0030484121526997364,0.0030484121526997364,0.006096824305399473,0.012193648610798946,1
328,0.9998753016425316,0.0030391346554484245,0.006078269310896849,0.0030391346554484245,0.0030391346554484245,0.006078269310896849,0.012156538621793698,2
329,0.9999265462023396,0.0,0.006060160886074785,0.0030300804430373925,0.0030300804430373925,0.009090241329112177,0.0030300804430373925,1
330,0.9999269893129633,0.0,0.00604185492032002,0.00302092746016001,0.00302092746016001,0.00906278238048003,0.00302092746016001,2
331,0.9999138230149912,0.0,0.00602357724707826,0.00301178862353913,0.00301178862353913,0.00903536587061739,0.00602357724707826,1
332,0.9999098319265282,0.003002732228007592,0.006005464456015184,0.003002732228007592,0.003002732228007592,0.009008196684022775,0.006005464456015184,2
333,0.9998924480610653,0.0,0.005987379928509373,0.0029936899642546864,0.0029936899642546864,0.008981069892764058,0.008981069892764058,1
334,0.9998886352243331,0.002984742194699502,0.005969484389399004,0.002984742194699502,0.002984742194699502,0.008954226584098505,0.008954226584098505,2
335,0.9998627337670678,0.0,0.005951563891470642,0.002975781945735321,0.002975781945735321,0.008927345837205962,0.011903127782941284,1
336,0.9998591462495103,0.0029669410867937994,0.005933882173587599,0.0029669410867937994,0.0029669410867937994,0.008900823260381397,0.011867764347175198,2
337,0.999951860904243,0.0,0.005916874916593155,0.0029584374582965773,0.005916874916593155,0.0029584374582965773,0.0029584374582965773,1
338,0.9999521444714626,0.0,0.005899422681247567,0.0029497113406237833,0.005899422681247567,0.0029497113406237833,0.0029497113406237833,2
339,0.9999394518663407,0.0,0.005881996775684357,0.0029409983878421783,0.005881996775684357,0.0029409983878421783,0.005881996775684357,1
340,0.9999355073101793,0.0029323621915254526,0.005864724383050905,0.0029323621915254526,0.005864724383050905,0.0029323621915254526,0.005864724383050905,2
341,0.9999187883216268,0.0,0.00584747829427852,0.00292373914713926,0.00584747829427852,0.00292373914713926,0.008771217441417779,1
342,0.9999150122380842,0.002915204117312199,0.005830408234624398,0.002915204117312199,0.005830408234624398,0.002915204117312199,0.008745612351936596,2
343,0.999890161420135,0.0,0.005813314891977529,0.0029066574459887646,0.005813314891977529,0.0029066574459887646,0.011626629783955058,1
344,0.9998865977429304,0.0028982220224432766,0.005796444044886553,0.0028982220224432766,0.005796444044886553,0.0028982220224432766,0.011592888089773106,2
345,0.9999415334115173,0.0,0.005780008863650389,0.0028900044318251944,0.005780008863650389,0.005780008863650389,0.0028900044318251944,1
346,0.9999377181162863,0.002881664893706877,0.005763329787413754,0.002881664893706877,0.005763329787413754,0.005763329787413754,0.002881664893706877,2
347,0.9999256919932097,0.00287334968963566,0.00574669937927132,0.00287334968963566,0.00574669937927132,0.00574669937927132,0.00574669937927132,1
348,0.9999302213419229,0.0,0.005730259148091248,0.002865129574045624,0.005730259148091248,0.005730259148091248,0.005730259148091248,2
349,0.9999061356664034,0.0028568746733325812,0.0057137493466651625,0.0028568746733325812,0.0057137493466651625,0.0057137493466651625,0.008570624019997744,1
350,0.999910726966365,0.0,0.005697497019751367,0.0028487485098756837,0.005697497019751367,0.005697497019751367,0.008546245529627051,2
351,0.9998789605124414,0.0028405652287285268,0.0056811304574570535,0.0028405652287285268,0.0056811304574570535,0.0056811304574570535,0.011362260914914107,1
352,0.9998836563203779,0.0,0.005665063208614039,0.0028325316043070195,0.005665063208614039,0.005665063208614039,0.011330126417228078,2
353,0.9999242002627965,0.0,0.005649289267021449,0.0028246446335107246,0.005649289267021449,0.008473933900532174,0.0028246446335107246,1
354,0.9999206601077774,0.002816677915796556,0.005633355831593112,0.002816677915796556,0.005633355831593112,0.008450033747389668,0.002816677915796556,2
355,0.9999092725431208,0.00280873391163798,0.00561746782327596,0.00280873391163798,0.00561746782327596,0.00842620173491394,0.00561746782327596,1
356,0.9999137021388494,0.0,0.005601757434951537,0.0028008787174757686,0.005601757434951537,0.008402636152427307,0.005601757434951537,2
357,0.9998907828525823,0.002792991013554699,0.005585982027109398,0.002792991013554699,0.005585982027109398,0.008378973040664097,0.008378973040664097,1
358,0.9998952686646793,0.0,0.0055704471791904134,0.0027852235895952067,0.0055704471791904134,0.008355670768785621,0.008355670768785621,2
359,0.9998649964796502,0.002777402767999028,0.005554805535998056,0.002777402767999028,0.005554805535998056,0.008332208303997085,0.011109611071996112,1
360,0.999869578392421,0.0,0.00553944364760344,0.00276972182380172,0.00553944364760344,0.00830916547140516,0.01107888729520688,2
361,0.9999580320062995,0.0,0.005524630011084528,0.005524630011084528,0.002762315005542264,0.002762315005542264,0.002762315005542264,1
362,0.9999582629019623,0.0,0.00550941191681522,0.00550941191681522,0.00275470595840761,0.00275470595840761,0.00275470595840761,2
363,0.9999471724028264,0.0,0.005494215232982563,0.005494215232982563,0.0027471076164912816,0.0027471076164912816,0.005494215232982563,1
364,0.9999437090130805,0.002739571805515289,0.005479143611030578,0.005479143611030578,0.002739571805515289,0.002739571805515289,0.005479143611030578,2
365,0.9999290887341635,0.0,0.005464093381061003,0.005464093381061003,0.0027320466905305014,0.0027320466905305014,0.008196140071591505,1
366,0.9999257631546666,0.0027245933600944594,0.005449186720188919,0.005449186720188919,0.0027245933600944594,0.0027245933600944594,0.00817378008028338,2
367,0.9999040190187796,0.0,0.005434260972928149,0.005434260972928149,0.0027171304864640746,0.0027171304864640746,0.010868521945856299,1
368,0.9999008674099175,0.002709758448265359,0.005419516896530718,0.005419516896530718,0.002709758448265359,0.002709758448265359,0.010839033793061436,2
369,0.9999488717081263,0.0,0.005405129036260142,0.005405129036260142,0.002702564518130071,0.005405129036260142,0.002702564518130071,1
370,0.9999455148753067,0.002695270929583037,0.005390541859166074,0.005390541859166074,0.002695270929583037,0.005390541859166074,0.002695270929583037,2
371,0.9999349699235209,0.0026879972309772067,0.005375994461954413,0.005375994461954413,0.0026879972309772067,0.005375994461954413,0.005375994461954413,1
372,0.9999389112181791,0.0,0.005361602741116242,0.005361602741116242,0.002680801370558121,0.005361602741116242,0.005361602741116242,2
373,0.9999177944609948,0.0026735769905374194,0.005347153981074839,0.005347153981074839,0.0026735769905374194,0.005347153981074839,0.008020730971612258,1
374,0.9999217869546555,0.0,0.005332916197091496,0.005332916197091496,0.002666458098545748,0.005332916197091496,0.007999374295637244,2
375,0.9998939168375746,0.002659292332014826,0.005318584664029652,0.005318584664029652,0.002659292332014826,0.005318584664029652,0.010637169328059304,1
376,0.9998979956135461,0.0,0.00530449865046974,0.00530449865046974,0.00265224932523487,0.00530449865046974,0.01060899730093948,2
377,0.9999335191297969,0.0,0.005290653540369296,0.005290653540369296,0.002645326770184648,0.007935980310553944,0.002645326770184648,1
378,0.9999303892631557,0.002638338757950279,0.005276677515900558,0.005276677515900558,0.002638338757950279,0.007915016273850837,0.002638338757950279,2
379,0.9999203696233087,0.0026313693937455493,0.005262738787491099,0.005262738787491099,0.0026313693937455493,0.007894108181236648,0.005262738787491099,1
380,0.9999242306830205,0.0,0.005248946092824254,0.005248946092824254,0.002624473046412127,0.007873419139236382,0.005248946092824254,2
381,0.9999040734521072,0.0026175499305028985,0.005235099861005797,0.005235099861005797,0.0026175499305028985,0.007852649791508695,0.007852649791508695,1
382,0.9999079812620637,0.0,0.005221451599279706,0.005221451599279706,0.002610725799639853,0.00783217739891956,0.00783217739891956,2
383,0.9998813416525609,0.002603857660553544,0.005207715321107088,0.005207715321107088,0.002603857660553544,0.007811572981660632,0.010415430642214176,1
384,0.9998853292227959,0.0,0.005194209502456083,0.005194209502456083,0.0025971047512280414,0.007791314253684125,0.010388419004912166,2
385,0.9999530221835701,0.0,0.005181103741883783,0.005181103741883783,0.005181103741883783,0.0025905518709418915,0.0025905518709418915,1
386,0.9999499266424999,0.002583849939644703,0.005167699879289406,0.005167699879289406,0.005167699879289406,0.002583849939644703,0.002583849939644703,2
387,0.9999402221741989,0.002577165521067523,0.005154331042135046,0.005154331042135046,0.005154331042135046,0.002577165521067523,0.005154331042135046,1
388,0.9999438327537201,0.0,0.005141099397191363,0.005141099397191363,0.005141099397191363,0.0025705496985956814,0.005141099397191363,2
389,0.9999244004212775,0.002563908719028917,0.005127817438057834,0.005127817438057834,0.005127817438057834,0.002563908719028917,0.00769172615708675,1
390,0.9999280563775454,0.0,0.005114721515997675,0.005114721515997675,0.005114721515997675,0.0025573607579988376,0.007672082273996513,2
391,0.9999023987140333,0.0025507714252909013,0.005101542850581803,0.005101542850581803,0.005101542850581803,0.0025507714252909013,0.010203085701163605,1
392,0.9999061310958098,0.0,0.0050885808198260045,0.0050885808198260045,0.0050885808198260045,0.0025442904099130022,0.010177161639652009,2
393,0.9999420287987558,0.0025379239309613094,0.005075847861922619,0.005075847861922619,0.005075847861922619,0.005075847861922619,0.0025379239309613094,1
394,0.9999455260024813,0.0,0.005063015321531551,0.005063015321531551,0.005063015321531551,0.005063015321531551,0.0025315076607657755,2
395,0.9999362370959175,0.0,0.005050183015635947,0.005050183015635947,0.005050183015635947,0.005050183015635947,0.005050183015635947,1
396,0.9999365578845222,0.0,0.005037463767680213,0.005037463767680213,0.005037463767680213,0.005037463767680213,0.005037463767680213,2
397,0.9999210971907795,0.0,0.005024729131611957,0.005024729131611957,0.005024729131611957,0.005024729131611957,0.007537093697417936,1
398,0.9999214921514494,0.0,0.005012137805270423,0.005012137805270423,0.005012137805270423,0.005012137805270423,0.007518206707905635,2
399,0.9999000149975004,0.0,0.004999500074987502,0.004999500074987502,0.004999500074987502,0.004999500074987502,0.009999000149975004,1
400,0.999900512979701,0.0,0.0049870349774548675,0.0049870349774548675,0.0049870349774548675,0.0049870349774548675,0.009974069954909735,2
401,0.9999288459901494,0.0024873851890302224,0.004974770378060445,0.004974770378060445,0.004974770378060445,0.007462155567090667,0.0024873851890302224,1
402,0.999932276643676,0.0,0.004962443060266382,0.004962443060266382,0.004962443060266382,0.007443664590399573,0.002481221530133191,2
403,0.999923423168055,0.0,0.0049501159562775005,0.0049501159562775005,0.0049501159562775005,0.00742517393441625,0.0049501159562775005,1
404,0.9999238008152207,0.0,0.004937895312667757,0.004937895312667757,0.004937895312667757,0.007406842969001634,0.004937895312667757,2
405,0.9999090128805548,0.0,0.004925660161973176,0.004925660161973176,0.004925660161973176,0.0073884902429597644,0.0073884902429597644,1
406,0.9999094593817842,0.0,0.004913559996962085,0.004913559996962085,0.004913559996962085,0.007370339995443126,0.007370339995443126,2
407,0.9998888833827676,0.0,0.004901416095013567,0.004901416095013567,0.004901416095013567,0.0073521241425203495,0.009802832190027134,1
408,0.9998894259860494,0.0,0.004889434845897552,0.004889434845897552,0.004889434845897552,0.007334152268846328,0.009778869691795105,2
409,0.9999524126772359,0.0,0.0048778166472060284,0.007316724970809043,0.0024389083236030142,0.0024389083236030142,0.0024389083236030142,1
410,0.999952643947574,0.0,0.004865949605584301,0.0072989244083764525,0.0024329748027921505,0.0024329748027921505,0.0024329748027921505,2
411,0.9999440380658529,0.0,0.004854097272164334,0.007281145908246502,0.002427048636082167,0.002427048636082167,0.004854097272164334,1
412,0.999941377854848,0.0024211655638131913,0.004842331127626383,0.007263496691439574,0.0024211655638131913,0.0024211655638131913,0.004842331127626383,2
413,0.9999299940494084,0.0,0.004830579681398108,0.007245869522097163,0.002415289840699054,0.002415289840699054,0.007245869522097163,1
414,0.99992742842619,0.0024094636829546747,0.0048189273659093495,0.007228391048864024,0.0024094636829546747,0.0024094636829546747,0.007228391048864024,2
415,0.9999104456482734,0.0,0.004807261757924391,0.007210892636886587,0.0024036308789621955,0.0024036308789621955,0.009614523515848782,1
416,0.9999079999768052,0.0023978609112153605,0.004795721822430721,0.007193582733646081,0.0023978609112153605,0.0023978609112153605,0.009591443644861442,2
417,0.9999456329681279,0.0,0.00478442886587621,0.007176643298814315,0.002392214432938105,0.00478442886587621,0.002392214432938105,1
418,0.9999430446074172,0.002386498913144194,0.004772997826288388,0.007159496739432582,0.002386498913144194,0.004772997826288388,0.002386498913144194,2
419,0.9999348136306839,0.0023807971753111523,0.004761594350622305,0.007142391525933457,0.0023807971753111523,0.004761594350622305,0.004761594350622305,1
420,0.9999379433873851,0.0,0.004750299018467387,0.007125448527701081,0.0023751495092336934,0.004750299018467387,0.004750299018467387,2
421,0.9999213946827903,0.002369481977921304,0.004738963955842608,0.007108445933763912,0.002369481977921304,0.004738963955842608,0.007108445933763912,1
422,0.9999245596166556,0.0,0.004727775695587024,0.007091663543380536,0.002363887847793512,0.004727775695587024,0.007091663543380536,2
423,0.9999026708506626,0.002358261016157223,0.004716522032314446,0.00707478304847167,0.002358261016157223,0.004716522032314446,0.009433044064628892,1
424,0.9999058956380544,0.0,0.0047054395088849624,0.007058159263327444,0.0023527197544424812,0.0047054395088849624,0.009410879017769925,2
425,0.9999338821117331,0.0,0.004694525268130203,0.007041787902195304,0.0023472626340651013,0.007041787902195304,0.0023472626340651013,1
426,0.9999314496613493,0.0023417598352724806,0.004683519670544961,0.007025279505817442,0.0023417598352724806,0.007025279505817442,0.0023417598352724806,2
427,0.9999235828715349,0.002336270053438166,0.004672540106876332,0.007008810160314498,0.002336270053438166,0.007008810160314498,0.004672540106876332,1
428,0.9999266548498494,0.0,0.004661662726572724,0.006992494089859087,0.002330831363286362,0.006992494089859087,0.004661662726572724,2
429,0.9999107745175654,0.0023253738942268965,0.004650747788453793,0.006976121682680689,0.0023253738942268965,0.006976121682680689,0.006976121682680689,1
430,0.999913878945934,0.0,0.004639971596036817,0.006959957394055224,0.0023199857980184084,0.006959957394055224,0.006959957394055224,2
431,0.9998928498716481,0.0023145667821102963,0.004629133564220593,0.006943700346330889,0.0023145667821102963,0.006943700346330889,0.009258267128441185,1
432,0.9998960101214004,0.0,0.004618457321576907,0.00692768598236536,0.0023092286607884534,0.00692768598236536,0.009236914643153814,2
433,0.9999495674077724,0.0,0.004608062522616463,0.0069120937839246945,0.004608062522616463,0.0023040312613082314,0.0023040312613082314,1
434,0.9999471570492128,0.002298729096664857,0.004597458193329714,0.006896187289994571,0.004597458193329714,0.002298729096664857,0.002298729096664857,2
435,0.999939509739534,0.002293439242521867,0.004586878485043734,0.006880317727565602,0.004586878485043734,0.002293439242521867,0.004586878485043734,1
436,0.9999424040044448,0.0,0.00457639544166794,0.006864593162501909,0.00457639544166794,0.00228819772083397,0.00457639544166794,2
437,0.9999270320276308,0.0022829384292868283,0.004565876858573657,0.006848815287860485,0.004565876858573657,0.0022829384292868283,0.006848815287860485,1
438,0.9999299579098063,0.0,0.004555489557675655,0.0068332343365134825,0.004555489557675655,0.0022777447788378275,0.0068332343365134825,2
439,0.9999096196923933,0.0022725218629372577,0.004545043725874515,0.006817565588811772,0.004545043725874515,0.0022725218629372577,0.00909008745174903,1
440,0.9999125993217067,0.0,0.004534751017332003,0.006802126525998005,0.004534751017332003,0.0022673755086660015,0.009069502034664006,2
441,0.9999411407184161,0.0022623102731185885,0.004524620546237177,0.006786930819355766,0.004524620546237177,0.004524620546237177,0.0022623102731185885,1
442,0.9999439534711468,0.0,0.004514419654497277,0.006771629481745915,0.004514419654497277,0.004514419654497277,0.0022572098272486386,2
443,0.9999365980276278,0.0,0.0045042189100343594,0.006756328365051539,0.0045042189100343594,0.0045042189100343594,0.0045042189100343594,1
444,0.9999368826331936,0.0,0.00449409834891323,0.006741147523369844,0.00449409834891323,0.00449409834891323,0.00449409834891323,2
445,0.999924599813403,0.0,0.0044839668153067395,0.00672595022296011,0.0044839668153067395,0.0044839668153067395,0.00672595022296011,1
446,0.9999249367591139,0.0,0.004473937077221986,0.006710905615832979,0.004473937077221986,0.004473937077221986,0.006710905615832979,2
447,0.9999078372004464,0.0,0.004463874273216279,0.006695811409824418,0.004463874273216279,0.004463874273216279,0.008927748546432558,1
448,0.999908247211576,0.0,0.004453934286020383,0.0066809014290305745,0.004453934286020383,0.004453934286020383,0.008907868572040767,2
449,0.9999308713663436,0.002222068603036319,0.004444137206072638,0.0066662058091089575,0.004444137206072638,0.0066662058091089575,0.002222068603036319,1
450,0.9999336352518979,0.0,0.004434295500008416,0.006651443250012625,0.004434295500008416,0.006651443250012625,0.002217147750004208,2
451,0.9999265880831893,0.0,0.004424453929571634,0.006636680894357452,0.004424453929571634,0.006636680894357452,0.004424453929571634,1
452,0.9999269118043769,0.0,0.0044146883523372045,0.006622032528505808,0.0044146883523372045,0.006622032528505808,0.0044146883523372045,2
453,0.9999151071649236,0.0,0.004404912366365302,0.006607368549547953,0.004404912366365302,0.006607368549547953,0.006607368549547953,1
454,0.9999154798629265,0.0,0.0043952328785183585,0.006592849317777537,0.0043952328785183585,0.006592849317777537,0.006592849317777537,2
455,0.9998990226835753,0.0,0.004385522029313927,0.006578283043970891,0.004385522029313927,0.006578283043970891,0.008771044058627855,1
456,0.9998994640473713,0.0,0.004375927632592435,0.006563891448888652,0.004375927632592435,0.006563891448888652,0.00875185526518487,2
457,0.9999690142355678,0.0,0.0065500153770888725,0.002183338459029624,0.002183338459029624,0.002183338459029624,0.002183338459029624,1
458,0.9999691490964765,0.0,0.006535746072525991,0.0021785820241753302,0.0021785820241753302,0.0021785820241753302,0.0021785820241753302,2
459,0.9999621949605747,0.0,0.006521492575829835,0.002173830858609945,0.002173830858609945,0.002173830858609945,0.00434766171721989,1
460,0.9999623587866222,0.0,0.006507347237223138,0.002169115745741046,0.002169115745741046,0.002169115745741046,0.004338231491482092,2
461,0.999950810398652,0.0,0.006493187080510727,0.0021643956935035757,0.0021643956935035757,0.0021643956935035757,0.006493187080510727,1
462,0.9999510226356758,0.0,0.0064791642935356965,0.0021597214311785654,0.0021597214311785654,0.0021597214311785654,0.0064791642935356965,2
463,0.9999349795881662,0.0,0.0064650968507855575,0.002155032283595186,0.002155032283595186,0.002155032283595186,0.008620129134380743,1
464,0.9999352589180162,0.0,0.006451195218825911,0.0021503984062753037,0.0021503984062753037,0.0021503984062753037,0.008601593625101215,2
465,0.9999631621601585,0.0,0.006437531086867973,0.0021458436956226577,0.0021458436956226577,0.004291687391245315,0.0021458436956226577,1
466,0.9999633197463437,0.0,0.006423747236057882,0.0021412490786859605,0.0021412490786859605,0.004282498157371921,0.0021412490786859605,2
467,0.9999566285796911,0.0,0.006409978388331353,0.002136659462777118,0.002136659462777118,0.004273318925554236,0.004273318925554236,1
468,0.9999545404953033,0.0021320992334654654,0.006396297700396397,0.0021320992334654654,0.0021320992334654654,0.004264198466930931,0.004264198466930931,2
469,0.9999456812029403,0.0,0.006382632007678342,0.0021275440025594473,0.0021275440025594473,0.004255088005118895,0.006382632007678342,1
470,0.9999436580992725,0.002123022628660876,0.0063690678859826275,0.002123022628660876,0.002123022628660876,0.004246045257321752,0.0063690678859826275,2
471,0.9999304331433616,0.0,0.006355490041165434,0.002118496680388478,0.002118496680388478,0.004236993360776956,0.008473986721553911,1
472,0.999928492578779,0.0021140137263821967,0.0063420411791465904,0.0021140137263821967,0.0021140137263821967,0.004228027452764393,0.008456054905528787,2
473,0.9999532693122657,0.0,0.006328818160204213,0.0021096060534014044,0.0021096060534014044,0.006328818160204213,0.0021096060534014044,1
474,0.99995346585222,0.0,0.006315495573803494,0.0021051651912678314,0.0021051651912678314,0.006315495573803494,0.0021051651912678314,2
475,0.9999470418457311,0.0,0.006302187238523515,0.002100729079507838,0.002100729079507838,0.006302187238523515,0.004201458159015676,1
476,0.9999450664750171,0.002096320894077604,0.006288962682232812,0.002096320894077604,0.002096320894077604,0.006288962682232812,0.004192641788155208,2
477,0.9999365442663276,0.0,0.006275752369872349,0.0020919174566241166,0.0020919174566241166,0.006275752369872349,0.006275752369872349,1
478,0.9999346301262901,0.0020875462006811904,0.0062626386020435704,0.0020875462006811904,0.0020875462006811904,0.0062626386020435704,0.0062626386020435704,2
479,0.9999218841540815,0.0,0.006249511775963009,0.00208317059198767,0.00208317059198767,0.006249511775963009,0.00833268236795068,1
480,0.9999200479710895,0.0020788358585677536,0.006236507575703261,0.0020788358585677536,0.0020788358585677536,0.006236507575703261,0.008315343434271014,2
481,0.999965567109693,0.0,0.0062238520774462215,0.0020746173591487406,0.004149234718297481,0.0020746173591487406,0.0020746173591487406,1
482,0.9999657095340254,0.0,0.006210967139962891,0.00207032237998763,0.00414064475997526,0.00207032237998763,0.00207032237998763,2
483,0.999959448542852,0.0,0.006198095755430901,0.002066031918476967,0.004132063836953934,0.002066031918476967,0.004132063836953934,1
484,0.9999574902227321,0.002061768021077798,0.006185304063233394,0.002061768021077798,0.004123536042155596,0.002061768021077798,0.004123536042155596,2
485,0.9999491986080091,0.0,0.00617252591733339,0.00205750863911113,0.00411501727822226,0.00205750863911113,0.00617252591733339,1
486,0.999947299133245,0.00205327987501693,0.00615983962505079,0.00205327987501693,0.00410655975003386,0.00205327987501693,0.00615983962505079,2
487,0.9999349196834728,0.0,0.00614714089969348,0.0020490469665644935,0.004098093933128987,0.0020490469665644935,0.008196187866257974,1
488,0.9999330949841397,0.002044852954977791,0.006134558864933373,0.002044852954977791,0.004089705909955582,0.002044852954977791,0.008179411819911164,2
489,0.9999604355010012,0.0,0.006122206747965314,0.0020407355826551044,0.004081471165310209,0.004081471165310209,0.0020407355826551044,1
490,0.9999585227461082,0.0020365754027415646,0.006109726208224694,0.0020365754027415646,0.004073150805483129,0.004073150805483129,0.0020365754027415646,2
491,0.9999524952882287,0.002032423770911034,0.006097271312733102,0.002032423770911034,0.004064847541822068,0.004064847541822068,0.004064847541822068,1
492,0.9999547447087077,0.0,0.006084917310600655,0.0020283057702002185,0.004056611540400437,0.004056611540400437,0.004056611540400437,2
493,0.9999426363512969,0.002024175377229346,0.006072526131688038,0.002024175377229346,0.004048350754458692,0.004048350754458692,0.006072526131688038,1
494,0.9999449081342722,0.0,0.00606027217051074,0.00202009072350358,0.00404018144700716,0.00404018144700716,0.00606027217051074,2
495,0.9999288740042731,0.0020159856330731313,0.0060479568992193936,0.0020159856330731313,0.004031971266146263,0.004031971266146263,0.008063942532292525,1
496,0.9999311837009804,0.0,0.006035801913688011,0.002011933971229337,0.004023867942458674,0.004023867942458674,0.008047735884917348,2
497,0.9999516171952205,0.0,0.006023804922862775,0.0020079349742875914,0.004015869948575183,0.006023804922862775,0.0020079349742875914,1
498,0.9999498031782303,0.0020039074211988584,0.006011722263596576,0.0020039074211988584,0.004007814842397717,0.006011722263596576,0.0020039074211988584,2
499,0.999944004703561,0.0019998880094071222,0.005999664028221366,0.0019998880094071222,0.0039997760188142445,0.005999664028221366,0.0039997760188142445,1
500,0.9999462196925171,0.0,0.005987701914326449,0.0019959006381088163,0.003991801276217633,0.005987701914326449,0.003991801276217633,2
501,0.9999345312786034,0.0019919014567302855,0.005975704370190857,0.0019919014567302855,0.003983802913460571,0.005975704370190857,0.005975704370190857,1
502,0.9999367671409817,0.0,0.0059638375773816005,0.0019879458591272,0.0039758917182544,0.0059638375773816005,0.0059638375773816005,2
503,0.9999212740998441,0.001983970781944135,0.005951912345832405,0.001983970781944135,0.00396794156388827,0.005951912345832405,0.00793588312777654,1
504,0.9999235456769354,0.0,0.005940139875308528,0.0019800466251028424,0.003960093250205685,0.005940139875308528,0.00792018650041137,2
505,0.9999687558582689,0.0,0.005928668512993689,0.003952445675329126,0.001976222837664563,0.001976222837664563,0.001976222837664563,1
506,0.999968878982024,0.0,0.005916975615278249,0.003944650410185499,0.0019723252050927497,0.0019723252050927497,0.0019723252050927497,2
507,0.9999631894589985,0.0,0.005905294425938967,0.003936862950625978,0.001968431475312989,0.001968431475312989,0.003936862950625978,1
508,0.9999614042671298,0.0019645607156525144,0.005893682146957543,0.003929121431305029,0.0019645607156525144,0.0019645607156525144,0.003929121431305029,2
509,0.9999538670910649,0.0,0.005882081571123911,0.003921387714082607,0.0019606938570413037,0.0019606938570413037,0.005882081571123911,1
510,0.9999521329096502,0.001956853489059981,0.005870560467179943,0.003913706978119962,0.001956853489059981,0.001956853489059981,0.005870560467179943,2
511,0.9999408774360127,0.0,0.0058590285787266366,0.0039060190524844245,0.0019530095262422123,0.0019530095262422123,0.007812038104968849,1
512,0.9999392081095819,0.0019491992360810564,0.005847597708243169,0.0038983984721621128,0.0019491992360810564,0.0019491992360810564,0.0077967969443242255,2
513,0.9999640437870859,0.0,0.0058363660143215135,0.0038909106762143424,0.0019454553381071712,0.0038909106762143424,0.0019454553381071712,1
514,0.9999622982958696,0.001941674365623048,0.005825023096869143,0.003883348731246096,0.001941674365623048,0.003883348731246096,0.001941674365623048,2
515,0.999956811283126,0.0019379007970603216,0.005813702391180965,0.003875801594120643,0.0019379007970603216,0.003875801594120643,0.003875801594120643,1
516,0.9999588485833452,0.0,0.005802469140715735,0.003868312760477157,0.0019341563802385785,0.003868312760477157,0.003868312760477157,2
517,0.9999478283552533,0.0019304012130410295,0.005791203639123089,0.003860802426082059,0.0019304012130410295,0.003860802426082059,0.005791203639123089,1
518,0.9999498851534453,0.0,0.005780057139615291,0.003853371426410194,0.001926685713205097,0.003853371426410194,0.005780057139615291,2
519,0.999935287347222,0.0019229524756677347,0.005768857427003204,0.0038459049513354694,0.0019229524756677347,0.0038459049513354694,0.007691809902670939,1
520,0.9999373771717075,0.0,0.0057577967975338245,0.0038385311983558826,0.0019192655991779413,0.0038385311983558826,0.007677062396711765,2
521,0.9999559636259336,0.0,0.005746873354172032,0.003831248902781355,0.0019156244513906775,0.005746873354172032,0.0019156244513906775,1
522,0.9999543041388331,0.0019119585165178455,0.005735875549553536,0.003823917033035691,0.0019119585165178455,0.005735875549553536,0.0019119585165178455,2
523,0.9999490161946085,0.0019082996492263522,0.005724898947679057,0.0038165992984527043,0.0019082996492263522,0.005724898947679057,0.0038165992984527043,1
524,0.9999510240063701,0.0,0.005714005851464973,0.003809337234309982,0.001904668617154991,0.005714005851464973,0.003809337234309982,2
525,0.9999403687918639,0.0019010273170947983,0.005703081951284395,0.0038020546341895967,0.0019010273170947983,0.005703081951284395,0.005703081951284395,1
526,0.9999423948615738,0.0,0.0056922716975042155,0.0037948477983361434,0.0018974238991680717,0.0056922716975042155,0.0056922716975042155,2
527,0.9999282675904878,0.0018938035371031967,0.00568141061130959,0.0037876070742063933,0.0018938035371031967,0.00568141061130959,0.007575214148412787,1
528,0.9999303248558085,0.0,0.005670682371583035,0.00378045491438869,0.001890227457194345,0.005670682371583035,0.00756090982877738,2
529,0.9999661818508577,0.0,0.005660185935004855,0.0037734572900032367,0.0037734572900032367,0.0018867286450016184,0.0018867286450016184,1
530,0.9999645359888674,0.0018831723841598255,0.005649517152479477,0.003766344768319651,0.003766344768319651,0.0018831723841598255,0.0018831723841598255,2
531,0.9999593698798153,0.0018796228757139385,0.005638868627141816,0.003759245751427877,0.003759245751427877,0.0018796228757139385,0.003759245751427877,1
532,0.9999612819885425,0.0,0.00562829989862219,0.0037521999324147937,0.0037521999324147937,0.0018760999662073969,0.0037521999324147937,2
533,0.9999509076818662,0.0018725672428499367,0.00561770172854981,0.0037451344856998733,0.0037451344856998733,0.0018725672428499367,0.00561770172854981,1
534,0.9999528376453146,0.0,0.005607212173712044,0.003738141449141363,0.003738141449141363,0.0018690707245706815,0.005607212173712044,2
535,0.9999390927781743,0.0018655580089145044,0.005596674026743513,0.0037311160178290087,0.0037311160178290087,0.0018655580089145044,0.007462232035658017,1
536,0.999941052967325,0.0,0.005586262865739246,0.003724175243826164,0.003724175243826164,0.001862087621913082,0.007448350487652328,2
537,0.9999602710207167,0.0018586622137931538,0.0055759866413794615,0.0037173244275863077,0.0037173244275863077,0.0037173244275863077,0.0018586622137931538,1
538,0.999962139138652,0.0,0.005565651980363554,0.003710434653575703,0.003710434653575703,0.003710434653575703,0.0018552173267878515,2
539,0.99995713581515,0.0,0.005555317421195278,0.0037035449474635183,0.0037035449474635183,0.0037035449474635183,0.0037035449474635183,1
540,0.9999572941213455,0.0,0.005545049690136851,0.0036966997934245673,0.0036966997934245673,0.0036966997934245673,0.0036966997934245673,2
541,0.9999489425143437,0.0,0.005534772744544338,0.0036898484963628917,0.0036898484963628917,0.0036898484963628917,0.005534772744544338,1
542,0.9999491303838801,0.0,0.005524580830850167,0.003683053887233444,0.003683053887233444,0.003683053887233444,0.005524580830850167,2
543,0.9999374923448628,0.0,0.005514361171019464,0.0036762407806796428,0.0036762407806796428,0.0036762407806796428,0.0073524815613592856,1
544,0.9999377214988989,0.0,0.005504244338526049,0.0036694962256840326,0.0036694962256840326,0.0036694962256840326,0.007338992451368065,2
545,0.9999530417224037,0.0018314158273304098,0.00549424748199123,0.0036628316546608196,0.0036628316546608196,0.00549424748199123,0.0018314158273304098,1
546,0.9999548840896841,0.0,0.0054842132582615215,0.003656142172174348,0.003656142172174348,0.0054842132582615215,0.001828071086087174,2
547,0.9999500543574765,0.0,0.005474179129694215,0.0036494527531294764,0.0036494527531294764,0.005474179129694215,0.0036494527531294764,1
548,0.9999502361295345,0.0,0.005464208940598549,0.0036428059603990327,0.0036428059603990327,0.005464208940598549,0.0036428059603990327,2
549,0.9999421537799954,0.0,0.005454229929709066,0.0036361532864727106,0.0036361532864727106,0.005454229929709066,0.005454229929709066,1
550,0.9999423635394566,0.0,0.00544433228787363,0.0036295548585824197,0.0036295548585824197,0.00544433228787363,0.00544433228787363,2
551,0.9999310877793203,0.0,0.005434408085757175,0.0036229387238381166,0.0036229387238381166,0.005434408085757175,0.007245877447676233,1
552,0.9999313367587852,0.0,0.005424582297063934,0.003616388198042623,0.003616388198042623,0.005424582297063934,0.007232776396085246,2
553,0.9999657904403729,0.0,0.005414977204550755,0.005414977204550755,0.0018049924015169185,0.0018049924015169185,0.0018049924015169185,1
554,0.999965913600707,0.0,0.005405221154598416,0.005405221154598416,0.0018017403848661388,0.0018017403848661388,0.0018017403848661388,2
555,0.9999611843935239,0.0,0.00539547401651182,0.00539547401651182,0.001798491338837273,0.001798491338837273,0.003596982677674546,1
556,0.9999597122162871,0.0017952598064924364,0.005385779419477309,0.005385779419477309,0.0017952598064924364,0.0017952598064924364,0.003590519612984873,2
557,0.9999534339641173,0.0,0.005376093730989877,0.005376093730989877,0.0017920312436632926,0.0017920312436632926,0.005376093730989877,1
558,0.9999520005375663,0.0017888228989938572,0.0053664686969815715,0.0053664686969815715,0.0017888228989938572,0.0017888228989938572,0.0053664686969815715,2
559,0.9999426069821321,0.0,0.005356835394547136,0.005356835394547136,0.0017856117981823788,0.0017856117981823788,0.007142447192729515,1
560,0.999941222959532,0.0017824264223877577,0.005347279267163273,0.005347279267163273,0.0017824264223877577,0.0017824264223877577,0.007129705689551031,2
561,0.9999620087253158,0.0,0.005337875491416276,0.005337875491416276,0.0017792918304720923,0.0035585836609441845,0.0017792918304720923,1
562,0.9999605662994709,0.0017761288921837848,0.005328386676551355,0.005328386676551355,0.0017761288921837848,0.0035522577843675697,0.0017761288921837848,2
563,0.9999559910347238,0.001772971615309794,0.005318914845929382,0.005318914845929382,0.001772971615309794,0.003545943230619588,0.003545943230619588,1
564,0.999957712761565,0.0,0.0053095099792649465,0.0053095099792649465,0.0017698366597549823,0.0035396733195099646,0.0035396733195099646,2
565,0.9999484987783724,0.0017666934607391738,0.005300080382217522,0.005300080382217522,0.0017666934607391738,0.0035333869214783475,0.005300080382217522,1
566,0.999950235293721,0.0,0.0052907419856810635,0.0052907419856810635,0.0017635806618936877,0.0035271613237873754,0.0052907419856810635,2
567,0.9999380140955352,0.0017604542501681957,0.005281362750504587,0.005281362750504587,0.0017604542501681957,0.0035209085003363914,0.007041817000672783,1
568,0.9999397758270433,0.0,0.005272090206469473,0.005272090206469473,0.001757363402156491,0.003514726804312982,0.007029453608625964,2
569,0.9999553738707635,0.0,0.00526292302037244,0.00526292302037244,0.00175430767345748,0.00526292302037244,0.00175430767345748,1
570,0.9999539966908043,0.001751232918898081,0.005253698756694243,0.005253698756694243,0.001751232918898081,0.005253698756694243,0.001751232918898081,2
571,0.9999495734756162,0.001748163589992336,0.0052444907699770085,0.0052444907699770085,0.001748163589992336,0.0052444907699770085,0.003496327179984672,1
572,0.9999512719542397,0.0,0.005235346973582407,0.005235346973582407,0.0017451156578608023,0.005235346973582407,0.0034902313157216046,2
573,0.9999423376615014,0.0017420598217099327,0.0052261794651297985,0.0052261794651297985,0.0017420598217099327,0.0052261794651297985,0.0052261794651297985,1
574,0.9999440500645633,0.0,0.0052170993916412,0.0052170993916412,0.0017390331305470665,0.0052170993916412,0.0052170993916412,2
575,0.9999321900576282,0.0017359933855167157,0.005207980156550147,0.005207980156550147,0.0017359933855167157,0.005207980156550147,0.006943973542066863,1
576,0.9999339263939309,0.0,0.0051989632221521535,0.0051989632221521535,0.0017329877407173844,0.0051989632221521535,0.006931950962869538,2
577,0.999964082824994,0.0,0.0051901249973615605,0.0051901249973615605,0.003460083331574374,0.001730041665787187,0.001730041665787187,1
578,0.999962715476569,0.0017270513220666132,0.00518115396619984,0.00518115396619984,0.0034541026441332265,0.0017270513220666132,0.0017270513220666132,2
579,0.9999583854753239,0.0017240661818540067,0.00517219854556202,0.00517219854556202,0.0034481323637080134,0.0017240661818540067,0.0034481323637080134,1
580,0.999960009627296,0.0,0.00516330469687072,0.00516330469687072,0.0034422031312471464,0.0017211015656235732,0.0034422031312471464,2
581,0.9999512913331495,0.0017181293665518033,0.00515438809965541,0.00515438809965541,0.0034362587331036067,0.0017181293665518033,0.00515438809965541,1
582,0.9999529291318401,0.0,0.005145555381467445,0.005145555381467445,0.0034303702543116298,0.0017151851271558149,0.005145555381467445,2
583,0.9999413637615815,0.0017122283626054477,0.005136685087816343,0.005136685087816343,0.0034244567252108954,0.0017122283626054477,0.006848913450421791,1
584,0.9999430248126477,0.0,0.005127912947757168,0.005127912947757168,0.003418608631838112,0.001709304315919056,0.006837217263676224,2
585,0.999959233235379,0.0017064150737805103,0.005119245221341531,0.005119245221341531,0.0034128301475610206,0.0034128301475610206,0.0017064150737805103,1
586,0.999960822921768,0.0,0.005110532314762017,0.005110532314762017,0.003407021543174678,0.003407021543174678,0.001703510771587339,2
587,0.9999566181223253,0.0,0.005101819480215945,0.005101819480215945,0.00340121298681063,0.00340121298681063,0.00340121298681063,1
588,0.9999567652946172,0.0,0.005093158397086336,0.005093158397086336,0.0033954389313908904,0.0033954389313908904,0.0033954389313908904,2
589,0.9999497308806473,0.0,0.00508449015702024,0.00508449015702024,0.0033896601046801604,0.0033896601046801604,0.00508449015702024,1
590,0.9999499008394158,0.0,0.005075887821519878,0.005075887821519878,0.003383925214346585,0.003383925214346585,0.005075887821519878,2
591,0.9999400848227185,0.0,0.005067263943358371,0.005067263943358371,0.0033781759622389137,0.0033781759622389137,0.0067563519244778275,1
592,0.9999402867090477,0.0,0.0050587198315803425,0.0050587198315803425,0.0033724798877202283,0.0033724798877202283,0.006744959775440457,2
593,0.9999532393443901,0.0016834229618592426,0.005050268885577728,0.005050268885577728,0.003366845923718485,0.005050268885577728,0.0016834229618592426,1
594,0.9999548085151824,0.0,0.005041788950496718,0.005041788950496718,0.0033611926336644784,0.005041788950496718,0.0016805963168322392,2
595,0.9999507378415415,0.0,0.005033309083095008,0.005033309083095008,0.0033555393887300055,0.005033309083095008,0.0033555393887300055,1
596,0.9999509027235366,0.0,0.0050248789081584755,0.0050248789081584755,0.0033499192721056503,0.0050248789081584755,0.0033499192721056503,2
597,0.9999440769053958,0.0,0.005016441857384929,0.005016441857384929,0.0033442945715899527,0.005016441857384929,0.005016441857384929,1
598,0.9999442634554554,0.0,0.005008068097439676,0.005008068097439676,0.0033387120649597843,0.005008068097439676,0.005008068097439676,2
599,0.9999347286133093,0.0,0.004999673643066547,0.004999673643066547,0.0033331157620443645,0.004999673643066547,0.006666231524088729,1
600,0.9999349456206988,0.0,0.004991355801767215,0.004991355801767215,0.003327570534511477,0.004991355801767215,0.006655141069022954,2
