,id,V1,V2,V3,V4,Class
0,7.99969002761647e-05,0.0001599938005523294,0.003999845013808235,0.9999612534520588,0.00783969622706414,2
1,0.0006153567392633821,0.0,0.0039998188052119835,0.9999547013029959,0.00861499434968735,2
2,0.0007499650571296601,0.00024998835237655337,0.003999813638024854,0.9999534095062135,0.008749592333179368,2
3,0.0007999608828692181,0.00039998044143460906,0.0039998044143460905,0.9999511035865226,0.008999559932278703,2
4,0.0008332577533390031,0.0001666515506678006,0.003999637216027215,0.9999093040068037,0.012832169401420648,1
5,0.005999748015874888,0.003999832010583259,0.003999832010583259,0.9999580026458147,0.003999832010583259,1
6,0.003999805401956673,0.0011428015434161922,0.003999805401956673,0.9999513504891683,0.007999610803913346,2
7,0.002666454247605963,0.0003333067809507454,0.003999681371408944,0.9999203428522361,0.011665737333276088,1
8,0.003999743234601836,0.000888831829911519,0.003999743234601836,0.999935808650459,0.00977715012902671,2
9,0.0008695262786080895,0.00043476313930404476,0.003999820881597211,0.999955220399303,0.008521357530359278,2
10,0.001912926898139921,0.0006956097811417895,0.00399975624156529,0.9999390603913224,0.010086341826555947,1
11,0.015997596985910065,0.0,0.003999399246477516,0.999849811619379,0.005332532328636688,1
12,0.005199560343765211,0.0007999323605792632,0.003999661802896316,0.9999154507240791,0.011199053048109685,2
13,0.0043071673240244225,0.00030765480885888735,0.0039995125151655354,0.9998781287913838,0.014459776016367705,1
14,0.009998911288930693,0.0013331881718574256,0.0039995645155722764,0.9998911288930692,0.009998911288930693,2
15,0.012798337348010605,0.0015997921685013256,0.003999480421253314,0.9998701053133284,0.008798856926757291,2
16,0.004856589237524299,0.0005713634397087411,0.003999544077961188,0.9998860194902969,0.013712722553009786,2
17,0.004799495930079812,0.0005332773255644236,0.003999579941733176,0.9998949854332941,0.013065294476328378,2
18,0.012664904960193488,0.001333147890546683,0.003999443671640049,0.9998609179100122,0.009998609179100122,2
19,0.026656503590687913,0.002665650359068791,0.003998475538603187,0.9996188846507967,0.005331300718137582,2
20,0.027988309547729084,0.0026655532902599127,0.003998329935389869,0.9995824838474673,0.005331106580519825,2
21,0.00799925696303644,0.0014544103569157165,0.00399962848151822,0.9999071203795551,0.010180872498410015,1
22,0.015330522995041642,0.0013330889560905777,0.003999266868271733,0.9998167170679332,0.010664711648724621,2
23,0.015996900456460454,0.001333075038038371,0.0039992251141151135,0.9998062785287783,0.010664600304306968,2
24,0.011109966706321153,0.003999588014275615,0.003999588014275615,0.9998970035689038,0.007110378692045538,1
25,0.007427817164455173,0.0011427411022238729,0.003999593857783555,0.9998984644458887,0.011427411022238728,1
26,0.017996093272244978,0.002666087892184441,0.003999131838276661,0.9997829595691654,0.009331307622645543,1
27,0.009332244634962954,0.0013331778049947079,0.003999533414984123,0.9998833537460309,0.011332011342455017,2
28,0.023192557311016566,0.0031989734222091816,0.003998716777761477,0.9996791944403692,0.00879717691107525,2
29,0.014997336334679322,0.0019996448446239095,0.003999289689247819,0.9998224223119548,0.010498135434275526,1
30,0.008855508534092747,0.00028566156561589504,0.003999261918622531,0.9998154796556327,0.01656837080572191,1
31,0.012798030278757576,0.001599753784844697,0.003999384462111743,0.9998461155279357,0.01119827649391288,2
32,0.01319790011718674,0.0015997454687499079,0.00399936367187477,0.9998409179686925,0.011198218281249355,2
33,0.01510823298708683,0.001777439174951392,0.003999238143640632,0.9998095359101579,0.011553354637184047,2
34,0.008748474344426702,0.0004999128196815258,0.0039993025574522065,0.9998256393630516,0.015997210229808826,1
35,0.017995168945620105,0.0009997316080900057,0.003998926432360023,0.9997316080900057,0.013996242513260081,2
36,0.012330781125766448,0.0006665287095008891,0.003999172257005335,0.9997930642513337,0.015663424673270896,2
37,0.025323475978544018,0.0026656290503730543,0.003998443575559582,0.9996108938898954,0.010662516201492217,2
38,0.011140597422271328,0.0005713126883216066,0.003999188818251246,0.9997972045628115,0.016282411617165787,2
39,0.02284912748343621,0.002284912748343621,0.003998597309601337,0.9996493274003343,0.012567020115889917,2
40,0.012612600896167876,0.000615248824203311,0.003999117357321521,0.9997793393303803,0.016304093841387743,2
41,0.033577990796128214,0.001598951942672772,0.00399737985668193,0.9993449641704826,0.012791615541382176,1
42,0.03437653296302137,0.0015989085099079707,0.003997271274769927,0.9993178186924817,0.012791268079263765,2
43,0.03517500929493725,0.001598864058860784,0.00399716014715196,0.99929003678799,0.012790912470886272,1
44,0.00899870392002432,0.0007998847928910505,0.003999423964455253,0.9998559911138132,0.013798012677370622,2
45,0.020438395574454708,0.001777251789083018,0.003998816525436791,0.9997041313591977,0.012440762523581126,2
46,0.02088148629624646,0.0008885738849466579,0.00399858248225996,0.9996456205649901,0.01599432992903984,1
47,0.09555839392123261,0.003981599746718026,0.003981599746718026,0.9953999366795064,0.003981599746718026,1
48,0.09753044836341564,0.00398083462707819,0.00398083462707819,0.9952086567695473,0.00398083462707819,1
49,0.09950135466046439,0.003980054186418576,0.003980054186418576,0.9950135466046439,0.003980054186418576,1
50,0.01853952039712472,0.0007270400155735184,0.003998720085654351,0.9996800214135877,0.016721920358190923,1
51,0.01890291176044912,0.0007270350677095814,0.003998692872402698,0.9996732181006744,0.016721806557320373,2
52,0.03530719215038284,0.0013323468735993525,0.003997040620798057,0.9992601551995144,0.014655815609592877,1
53,0.01799423477100545,0.0006664531396668685,0.003998718838001211,0.9996797095003027,0.017327781631338583,1
54,0.04395414282884581,0.0031966649330069682,0.00399583116625871,0.9989577915646776,0.011188327265524389,2
55,0.01178731259202731,0.0008419508994305222,0.00399926677229498,0.9998166930737451,0.014523653015176507,2
56,0.028485742892803582,0.0019989995012493745,0.003997999002498749,0.9994997506246871,0.012993496758120933,2
57,0.03312014856145662,0.0011420740883260904,0.003997259309141316,0.999314827285329,0.015989037236565265,2
58,0.014745253713763347,0.0004998391089411304,0.003998712871529043,0.9996782178822607,0.020243483912115782,1
59,0.039963729393097426,0.0019981864696548713,0.003996372939309743,0.9990932348274357,0.013987305287584099,1
60,0.03483090871327129,0.0011419970069925013,0.003996989524473755,0.9992473811184387,0.01655895660139127,1
61,0.030980113277593806,0.0009993584928256066,0.003997433971302426,0.9993584928256066,0.017488773624448117,2
62,0.025186958546770073,0.0007995859856117484,0.003997929928058742,0.9994824820146855,0.019589856647487833,1
63,0.051128176502465934,0.003195511031404121,0.0039943887892551514,0.9985971973137878,0.012782044125616484,2
64,0.08633584756631998,0.00265648761742523,0.0039847314261378455,0.9961828565344614,0.011954194278413537,2
65,0.016494796197189125,0.0007497634635085967,0.0039987384720458485,0.9996846180114622,0.018494165433212053,1
66,0.06684293652095402,0.001995311537938926,0.003990623075877852,0.997655768969463,0.013967180765572481,2
67,0.13475416238766008,0.0,0.00396335771728412,0.99083942932103,0.00792671543456824,1
68,0.03939352838271758,0.0022836828047952218,0.003996444908391638,0.9991112270979094,0.014273017529970136,1
69,0.031087836952428886,0.0004441119564632698,0.003997007608169428,0.9992519020423571,0.02264970977962676,1
70,0.07081199588211577,0.0019947041093553736,0.003989408218710747,0.9973520546776868,0.01595763287484299,1
71,0.0718042412682563,0.0019945622574515636,0.003989124514903127,0.9972811287257818,0.01595649805961251,1
72,0.017171397160158832,0.0009408984745292511,0.003998818516749317,0.9997046291873294,0.016700947922894206,2
73,0.14639837882605217,0.003956712941244654,0.003956712941244654,0.9891782353111633,0.007913425882489307,1
74,0.1483334897611528,0.003955559726964075,0.003955559726964075,0.9888899317410186,0.00791111945392815,2
75,0.1502668983340948,0.003954392061423547,0.003954392061423547,0.9885980153558868,0.007908784122847094,2
76,0.07676221352835702,0.001993823728009273,0.003987647456018546,0.9969118640046366,0.015950589824074185,2
77,0.15412852787508258,0.0039520135352585275,0.0039520135352585275,0.9880033838146318,0.007904027070517055,1
78,0.15605670882404588,0.003950802755039136,0.003950802755039136,0.987700688759784,0.007901605510078272,1
79,0.15798310737450774,0.003949577684362693,0.003949577684362693,0.9873944210906733,0.007899155368725387,1
80,0.05391449949444657,0.002662444419478843,0.003993666629218264,0.9984166573045661,0.015309055412003347,2
81,0.08171449801412292,0.0019930365369298275,0.003986073073859655,0.9965182684649138,0.01594429229543862,1
82,0.08270424088993647,0.0019928732744563006,0.003985746548912601,0.9964366372281503,0.015942986195650405,1
83,0.08369373910342279,0.001992708073891019,0.003985416147782038,0.9963540369455094,0.01594166459112815,1
84,0.05656558002364407,0.0013309548240857426,0.003992864472257229,0.9982161180643071,0.0186333675372004,2
85,0.05722889053075842,0.0013309044309478702,0.003992713292843611,0.9981783232109027,0.018632662033270183,1
86,0.17141234981354508,0.007881027577634257,0.0039405137888171285,0.985128447204282,0.007881027577634257,1
87,0.17332374429133918,0.00787835201324269,0.003939176006621345,0.9847940016553361,0.00787835201324269,1
88,0.17523318226187784,0.007875648640983274,0.003937824320491637,0.9844560801229093,0.007875648640983274,1
89,0.05135000942160233,0.0011411113204800518,0.003993889621680181,0.9984724054200453,0.019969448108400907,2
90,0.17904611342594584,0.007870158831909706,0.003935079415954853,0.9837698539887134,0.007870158831909706,2
91,0.18094956925919178,0.007867372576486599,0.0039336862882432995,0.9834215720608248,0.007867372576486599,1
92,0.18285099386611262,0.007864558875961833,0.003932279437980917,0.9830698594952291,0.007864558875961833,1
93,0.18475036883725068,0.00786171782286173,0.003930858911430865,0.9827147278577164,0.00786171782286173,1
94,0.03452304979401777,0.004360806289770665,0.00399740576562311,0.9993514414057775,0.008358212055393775,1
95,0.05476721960851887,0.0022819674836882862,0.003993443096454501,0.9983607741136252,0.015973772385818003,1
96,0.022812731520252746,0.0007055483975335901,0.003998107586023677,0.9995268965059193,0.020225720729296248,1
97,0.04350769119596337,0.0017758241304474845,0.00399560429350684,0.99890107337671,0.0168703292392511,2
98,0.09850726762769219,0.0039800916213208965,0.0039800916213208965,0.9950229053302241,0.013930320674623138,2
99,0.05704282886053485,0.0028521414430267423,0.0039929980202374395,0.9982495050593598,0.01483113550373906,2
100,0.050427958389473546,0.0019971468669098434,0.003994293733819687,0.9985734334549217,0.016975748368733667,2
101,0.031360348523637525,0.000614908794581128,0.003996907164777332,0.999226791194333,0.023366534194082862,2
102,0.045722240357973856,0.0017756209847756836,0.003995147215745288,0.9987868039363221,0.01775620984775684,1
103,0.08289495080968048,0.0015941336694169324,0.003985334173542332,0.9963335433855828,0.02072373770242012,1
104,0.08368646184495432,0.0015940278446657965,0.0039850696116644916,0.9962674029161229,0.020722361980655357,1
105,0.024929819341104314,0.0014111218494964706,0.003998178573573333,0.9995446433933333,0.016463088244125488,1
106,0.05340000865053158,0.0,0.003992524011254698,0.9981310028136744,0.029444864583003393,1
107,0.08605990233702049,0.002390552842695014,0.003984254737825023,0.9960636844562557,0.020718124636690118,1
108,0.14379621882036236,0.0026384627306488507,0.003957694095973276,0.989423523993319,0.018469239114541954,1
109,0.04394273598410362,0.0007989588360746113,0.003994794180373057,0.9986985450932642,0.025566682754387563,1
110,0.08843594048536843,0.003186880738211475,0.003983600922764344,0.9959002306910859,0.01832456424471598,2
111,0.049705385815006324,0.00177519235053594,0.003994182788705865,0.9985456971764662,0.02041471203116331,1
112,0.09001658258331852,0.0031864277020643723,0.003983034627580466,0.9957586568951163,0.01832195928687014,1
113,0.056895720363913764,0.0019963410654004828,0.0039926821308009655,0.9981705327002415,0.01996341065400483,2
114,0.038290605711450494,0.0006659235775904434,0.00399554146554266,0.998885366385665,0.02730286668120818,1
115,0.019328435001094928,0.001832868836310726,0.003998986551950675,0.9997466379876687,0.010663964138535133,1
116,0.06668471497230666,0.0011399096576462675,0.003989683801761936,0.9974209504404841,0.026217922125864154,2
117,0.04285873279237139,0.0014528383997414029,0.003995305599288858,0.9988263998222144,0.022155785596056393,1
118,0.06780698330000051,0.0005698065823529456,0.003988646076470619,0.9971615191176547,0.032478975194117896,1
119,0.04357657581342529,0.0007262762635570881,0.003994519449563985,0.9986298623909962,0.028687912410504984,2
120,0.15923671871973666,0.0026320118796650687,0.003948017819497603,0.9870044548744008,0.02105609503732055,2
121,0.09711636823632047,0.0031841432208629663,0.003980179026078708,0.9950447565196769,0.02069693093560928,2
122,0.08169466942933336,0.0013283686086070464,0.003985105825821139,0.9962764564552847,0.02723155647644445,2
123,0.09868052362188334,0.0015916213487400539,0.003979053371850135,0.9947633429625337,0.02626175225421089,2
124,0.12399225639569621,0.001983876102331139,0.003967752204662278,0.9919380511655697,0.02579038933030481,1
125,0.10025414648584606,0.0015913356585054931,0.003978339146263733,0.9945847865659332,0.027052706194593382,1
126,0.0633550431853439,0.001995434431034454,0.003990868862068908,0.9977172155172269,0.02294749595689622,2
127,0.12692068649329163,0.001983135726457682,0.003966271452915364,0.9915678632288409,0.025780764443949864,1
128,0.06434715594531216,0.0019952606494670435,0.003990521298934087,0.9976303247335219,0.023943127793604524,2
129,0.25158295590294444,0.003870507013891453,0.003870507013891453,0.9676267534728632,0.019352535069457263,2
130,0.10420197945857206,0.003181739830796093,0.003977174788495116,0.9942936971237791,0.022272178815572655,1
131,0.043935128857236494,0.0006656837705641893,0.003994102623385135,0.9985256558462839,0.03161997910179899,1
132,0.25700926949291025,0.0038648010450061695,0.0038648010450061695,0.9662002612515423,0.019324005225030846,1
133,0.08895395314785963,0.002655341885010735,0.003983012827516103,0.9957532068790257,0.023234241493843934,1
134,0.04900643486115244,0.0007260212572022585,0.003993116914612421,0.9982792286531054,0.03194493531689937,1
135,0.1783662162869138,0.0026230325924546144,0.003934548888681922,0.9836372221704804,0.024918809628318838,1
136,0.10889947690468747,0.00158977338546989,0.003974433463674725,0.9936083659186813,0.029410807631192967,1
137,0.0459265863436296,0.0006656027006323131,0.003993616203793879,0.9984040509484695,0.03261453233098334,1
138,0.11050248205282986,0.007154836967449416,0.0039749094263607865,0.9937273565901966,0.015104655820170988,1
139,0.26956544150062417,0.0038509348785803455,0.0038509348785803455,0.9627337196450864,0.0211801418321919,1
140,0.06250978953753301,0.0008866636813834469,0.003989986566225512,0.9974966415563778,0.03280655621118754,1
141,0.040525501984137194,0.0014269542952160983,0.003995472026605076,0.9988680066512688,0.02454361387771689,1
142,0.18724753533871685,0.005237693296187884,0.003928269972140913,0.9820674930352282,0.020950773184751536,1
143,0.18851058254782013,0.005236405070772781,0.003927303803079586,0.9818259507698965,0.020945620283091125,1
144,0.278472567376237,0.007682001858654813,0.0038410009293274065,0.9602502323318516,0.017284504181973328,2
145,0.19103386743399484,0.005233804587232735,0.003925353440424551,0.9813383601061378,0.02093521834893094,2
146,0.1923006758367469,0.007849007177010078,0.003924503588505039,0.9811258971262597,0.01831435007969018,1
147,0.2837598330233683,0.0038345923381536257,0.0038345923381536257,0.9586480845384064,0.021090257859844943,1
148,0.28552130858317887,0.003832500786351394,0.003832500786351394,0.9581251965878486,0.02107875432493267,2
149,0.28727989525142617,0.0038303986033523486,0.0038303986033523486,0.9575996508380872,0.021067192318437917,1
150,0.08591872384056756,0.0011379963422591729,0.003982987197907105,0.9957467994767764,0.033001893925516015,2
151,0.10078217338880803,0.002652162457600211,0.003978243686400317,0.9945609216000793,0.025858583961602063,1
152,0.05552769077269236,0.0014517043339265976,0.003992186918298143,0.9980467295745358,0.028308234511568654,1
153,0.5244500357075111,0.006811039424772873,0.0034055197123864364,0.851379928096609,0.006811039424772873,2
154,0.526912265873622,0.006798867946756413,0.0033994339733782065,0.8498584933445517,0.006798867946756413,1
155,0.5293613005246771,0.006786683340059963,0.0033933416700299814,0.8483354175074954,0.006786683340059963,1
156,0.5317971731058653,0.00677448628160338,0.00338724314080169,0.8468107852004224,0.00677448628160338,1
157,0.534219917849322,0.006762277441130658,0.003381138720565329,0.8452846801413323,0.006762277441130658,1
158,0.5366295697556371,0.006750057481202983,0.0033750287406014916,0.8437571851503729,0.006750057481202983,1
159,0.539026164575518,0.006737827057193975,0.0033689135285969877,0.8422283821492469,0.006737827057193975,1
160,0.5414097387916074,0.0067255868172870475,0.0033627934086435237,0.840698352160881,0.0067255868172870475,1
161,0.5437803296004626,0.0067133374024748475,0.0033566687012374237,0.8391671753093559,0.0067133374024748475,1
162,0.5461379748947,0.006701079446560736,0.003350539723280368,0.837634930820092,0.006701079446560736,1
163,0.5484827132453037,0.006688813576162241,0.0033444067880811206,0.8361016970202801,0.006688813576162241,2
164,0.5508145838841069,0.006676540410716447,0.0033382702053582234,0.8345675513395558,0.006676540410716447,2
165,0.5531336266864442,0.006664260562487279,0.0033321302812436395,0.8330325703109098,0.006664260562487279,2
166,0.5554398821539804,0.006651974636574616,0.003325987318287308,0.8314968295718269,0.006651974636574616,1
167,0.5577333913977176,0.006639683230925209,0.0033198416154626045,0.8299604038656512,0.006639683230925209,1
168,0.5600141961211811,0.006627386936345339,0.0033136934681726694,0.8284233670431673,0.006627386936345339,1
169,0.5622823386037896,0.006615086336515172,0.003307543168257586,0.8268857920643965,0.006615086336515172,1
170,0.5645378616844084,0.006602782008004778,0.003301391004002389,0.8253477510005972,0.006602782008004778,1
171,0.5667808087450904,0.006590474520291749,0.0032952372601458744,0.8238093150364686,0.006590474520291749,1
172,0.569011223695003,0.0065781644357803815,0.0032890822178901907,0.8222705544725477,0.0065781644357803815,1
173,0.5712291509545476,0.006565852309822386,0.003282926154911193,0.8207315387277982,0.006565852309822386,1
174,0.5734346354396676,0.006553538690739058,0.003276769345369529,0.8191923363423823,0.006553538690739058,1
175,0.07021810667232135,0.004388631667020085,0.003989665151836441,0.9974162879591102,0.013963828031427542,1
176,0.1742576771833738,0.010829573158288766,0.003938026603014097,0.9845066507535242,0.015752106412056387,2
177,0.140927878463653,0.003166918617160742,0.003958648271450927,0.9896620678627319,0.026127078591576123,2
178,0.11844765547044614,0.002646874982579802,0.003970312473869703,0.9925781184674257,0.02713046857144297,2
179,0.23327552960283884,0.0025919503289204317,0.0038879254933806475,0.9719813733451619,0.02851145361812475,1
180,0.17804502700442698,0.0039346967293796015,0.0039346967293796015,0.9836741823449004,0.025575528740967413,2
181,0.1790263626162777,0.009836613330564707,0.003934645332225883,0.9836613330564707,0.01573858132890353,1
182,0.1799023058753688,0.0019661454194029376,0.003932290838805875,0.9830727097014688,0.034407544839551406,1
183,0.061191533273842254,0.0013302507233443968,0.003990752170033191,0.9976880425082977,0.02926551591357673,1
184,0.09209641982235756,0.006471640311841342,0.003982547884210056,0.995636971052514,0.012943280623682683,1
185,0.0823752119752801,0.004871652321118716,0.003985897353642585,0.9964743384106464,0.014614956963356147,1
186,0.14789814851011457,0.003163596759574643,0.003954495949468304,0.9886239873670759,0.026890572456384466,1
187,0.18470007532267516,0.003929788836652663,0.003929788836652663,0.9824472091631657,0.02554362743824231,1
188,0.05032501299730563,0.002130159280309233,0.003994048650579811,0.9985121626449529,0.020502783072976365,1
189,0.15021447922102263,0.0031624100888636344,0.0039530126110795425,0.9882531527698857,0.0276710882775568,2
190,0.10845010374368017,0.002271206361124192,0.003974611131967336,0.993652782991834,0.029525682694614495,1
191,0.10901117526362072,0.0022710661513254318,0.003974365764819505,0.9935914412048763,0.02952385996723061,1
192,0.18938924518396014,0.0019625828516472554,0.003925165703294511,0.9812914258236276,0.034345199903826965,1
193,0.07036128157335218,0.0039895572026127524,0.0039895572026127524,0.9973893006531881,0.015232854773612328,1
194,0.36321667118741147,0.003725299191665759,0.003725299191665759,0.9313247979164397,0.026077094341660313,1
195,0.15479910659510454,0.0015795827203582097,0.003948956800895524,0.987239200223881,0.03712019392841793,2
196,0.09800633581476548,0.004477446813872534,0.003979952723442252,0.9949881808605632,0.0189047754363507,2
197,0.13080025063465978,0.0026424293057507025,0.003963643958626054,0.9909109896565134,0.031048544342570754,1
198,0.1129677167329672,0.006244446653581101,0.00397373877955161,0.9934346948879025,0.01646263208671381,1
199,0.08852082170984375,0.003983436976942969,0.003983436976942969,0.9958592442357422,0.019917184884714844,1
200,0.13273307711896298,0.002641454271024139,0.003962181406536209,0.9905453516340522,0.03433890552331381,1
201,0.11460390188175282,0.0022693841956782737,0.003971422342436979,0.9928555856092447,0.03290607083733497,1
202,0.37607426979589054,0.011115495658991838,0.003705165219663946,0.9262913049159865,0.020378408708151705,2
203,0.11572347177245922,0.002269087681812926,0.00397090344317262,0.9927258607931551,0.03290177138628742,1
204,0.0907206563637366,0.004867937658541963,0.003982858084261606,0.9957145210654016,0.016816511911326784,1
205,0.1360315730416782,0.007263821861448836,0.003962084651699365,0.9905211629248413,0.017169033490697247,1
206,0.38234270221946215,0.0036941323885938374,0.0036941323885938374,0.9235330971484593,0.0295530591087507,1
207,0.11791578377615229,0.0011338056132322335,0.003968319646312818,0.9920799115782044,0.04308461330282488,1
208,0.1379735740764849,0.0072617670566571,0.00396096384908569,0.9902409622714227,0.01782433732088561,1
209,0.26955750222429536,0.01411967868793928,0.0038508214603470764,0.9627053650867691,0.017970500148286356,1
210,0.6448831147550332,0.012225272317630962,0.0030563180794077405,0.7640795198519351,0.012225272317630962,1
211,0.6466631198259979,0.012201190940113169,0.003050297735028292,0.762574433757073,0.012201190940113169,1
212,0.6484326227662663,0.012177138455704532,0.003044284613926133,0.7610711534815332,0.012177138455704532,1
213,0.6501916776313075,0.012153115469744066,0.0030382788674360164,0.7595697168590041,0.012153115469744066,1
214,0.6519403385040919,0.012129122576820315,0.0030322806442050786,0.7580701610512697,0.012129122576820315,1
215,0.6536786594871695,0.012105160360873508,0.003026290090218377,0.7565725225545943,0.012105160360873508,2
216,0.6554066946949146,0.012081229395297967,0.0030203073488244917,0.755076837206123,0.012081229395297967,1
217,0.6571244982459349,0.012057330243044676,0.003014332560761169,0.7535831401902923,0.012057330243044676,1
218,0.6588321242556415,0.012033463456724045,0.0030083658641810113,0.7520914660452528,0.012033463456724045,1
219,0.6605296268289818,0.01200962957870876,0.00300240739467719,0.7506018486692975,0.01200962957870876,1
220,0.66221706005333,0.011985829141236743,0.0029964572853091857,0.7491143213272964,0.011985829141236743,1
221,0.663894477991535,0.011962062666514143,0.002990515666628536,0.747628916657134,0.011962062666514143,2
222,0.6655619346751233,0.011938330666818354,0.0029845826667045886,0.7461456666761471,0.011938330666818354,2
223,0.6672194840976557,0.011914633644600995,0.0029786584111502487,0.7446646027875622,0.011914633644600995,1
224,0.6688671802082358,0.011890972092590858,0.0029727430231477146,0.7431857557869286,0.011890972092590858,2
225,0.670505076905167,0.011867346493896761,0.0029668366234741903,0.7417091558685476,0.011867346493896761,2
226,0.6721332280297591,0.011843757322110291,0.002960939330527573,0.7402348326318932,0.011843757322110291,1
227,0.29071489179750465,0.005100261259605344,0.003825195944704008,0.9562989861760021,0.030601567557632065,1
228,0.6753605086060475,0.011796690106655851,0.0029491725266639628,0.7372931316659906,0.011796690106655851,1
229,0.6769597454016762,0.011773212963507413,0.002943303240876853,0.7358258102192133,0.011773212963507413,1
230,0.6785494513014465,0.011749774048509895,0.0029374435121274738,0.7343608780318684,0.011749774048509895,1
231,0.6801296797738255,0.01172637378920389,0.0029315934473009724,0.732898361825243,0.01172637378920389,2
232,0.6817004841961201,0.011703012604225236,0.002925753151056309,0.7314382877640773,0.011703012604225236,1
233,0.11618318438626267,0.004965093349840285,0.003972074679872228,0.993018669968057,0.01936386406437711,1
234,0.13307142943954442,0.007927659626185626,0.003963829813092813,0.9909574532732032,0.014722796448630447,1
235,0.09395138962415753,0.0031847928686155095,0.003980991085769387,0.9952477714423467,0.025080243840347134,1
236,0.30122748955772366,0.01398102272208844,0.003813006196933211,0.9532515492333028,0.019065030984666054,1
237,0.4296420861969141,0.007220875398267463,0.0036104376991337316,0.902609424783433,0.02527306389393612,1
238,0.2322479939227047,0.0019434978570937633,0.0038869957141875267,0.9717489285468817,0.04178520392751591,1
239,0.10602865487260793,0.0035342884957535975,0.003976074557722797,0.9940186394306992,0.025623591594213582,1
240,0.11959284566833614,0.003969886993139789,0.003969886993139789,0.9924717482849472,0.025804265455408627,2
241,0.04395006839577775,0.0019977303816262615,0.003995460763252523,0.9988651908131307,0.01779796158176124,1
242,0.30806447460532493,0.005071020158112345,0.003803265118584259,0.9508162796460646,0.031693875988202155,2
243,0.05730686502002233,0.0025835062099190394,0.003992691415329425,0.9981728538323562,0.01855427187123674,2
244,0.43986913375909725,0.01615845797482398,0.003590768438849773,0.8976921097124433,0.019749226413673753,1
245,0.1929680054139823,0.0031376911449428014,0.003922113931178502,0.9805284827946255,0.03608344816684222,1
246,0.0820392574285359,0.0036535701688821657,0.003985712911507817,0.9964282278769543,0.019264279072287782,1
247,0.08235116608244222,0.0023244280749076434,0.003984733842698818,0.9961834606747043,0.02855725920600819,1
248,0.44560515861005784,0.019685368452653156,0.003579157900482392,0.894789475120598,0.019685368452653156,1
249,0.4470376760847811,0.01966965774773037,0.003576301408678249,0.8940753521695622,0.01966965774773037,1
250,0.4484667623433985,0.019653921855686787,0.003573440337397598,0.8933600843493994,0.019653921855686787,1
251,0.1654757439073643,0.0013132995548203517,0.0039398986644610555,0.9849746661152637,0.04924873330576319,1
252,0.1254710434833073,0.005455262760143796,0.003967463825559124,0.991865956389781,0.02033325210599051,2
253,0.32067179825839315,0.013887361341898916,0.00378746218415425,0.9468655460385625,0.020199798315489334,2
254,0.07820717626520078,0.003680337706597684,0.003987032515480824,0.9967581288702061,0.01809499372410528,1
255,0.3227156829385274,0.0025212162729572455,0.0037818244094358685,0.9454561023589672,0.0441212847767518,1
256,0.12743474910241617,0.007933680877971434,0.003966840438985717,0.9917101097464293,0.01388394153645001,1
257,0.14581617689268198,0.006216968782246131,0.003956252861429356,0.9890632153573391,0.02091162226755517,1
258,0.32620837472714875,0.005037967177253262,0.0037784753829399466,0.9446188457349867,0.035265770240772834,1
259,0.08632562514166975,0.003984259621923219,0.003984259621923219,0.9960649054808047,0.019257254839295558,1
260,0.25233779826674496,0.0038672459504481985,0.0038672459504481985,0.9668114876120496,0.039639270992094036,1
261,0.07463118488965542,0.003133370357962632,0.003987925910134259,0.9969814775335648,0.02079418510284292,2
262,0.46513642977794073,0.003537159161809435,0.003537159161809435,0.8842897904523588,0.040677330360808506,1
263,0.33164860829005993,0.0025124894567428785,0.0037687341851143177,0.9421835462785795,0.04773729967811469,2
264,0.20717481990035772,0.0031271670928355883,0.003908958866044485,0.9772397165111213,0.045343922846116026,1
265,0.25683561695002755,0.003862189728571843,0.003862189728571843,0.9655474321429607,0.04151853958214731,2
266,0.47064919913122044,0.005288193248665398,0.003525462165776932,0.8813655414442331,0.040542814906434715,1
267,0.1327754002305809,0.005449736576628321,0.003963444783002415,0.9908611957506037,0.022789807502263885,1
268,0.15176561282128379,0.0022567377371194614,0.0039492910399590575,0.9873227599897643,0.046263123610948954,1
269,0.26058984080217495,0.01254691826084546,0.0038605902341062957,0.9651475585265739,0.020268098729058052,1
270,0.0980577209337257,0.005789385737784543,0.003980202694726873,0.9950506736817183,0.014473464344461355,1
271,0.15355783644753798,0.009032813908678704,0.003951856085046933,0.9879640212617333,0.015807424340187733,1
272,0.4789930732340063,0.012281873672666829,0.003509106763619094,0.8772766909047734,0.02807285410895275,1
273,0.21389409075877472,0.0031225414709310177,0.003903176838663772,0.975794209665943,0.045276851328499755,1
274,0.21463882477825685,0.003122019269501918,0.0039025240868773973,0.9756310217193493,0.04526927940777781,1
275,0.2657874352613048,0.00385199181538123,0.00385199181538123,0.9629979538453074,0.04429790587688414,1
276,0.08490845553858661,0.004291402084982717,0.003984873364626809,0.9962183411567022,0.017472137060286778,1
277,0.3472383134716329,0.004996234726210546,0.0037471760446579094,0.9367940111644774,0.04246799517278964,1
278,0.061871129088772146,0.003104644470404337,0.003991685747662719,0.9979214369156798,0.01729730490653845,1
279,0.13860555630740817,0.005445218283505321,0.003960158751640234,0.9900396879100584,0.0237609525098414,1
280,0.07006563494046193,0.003490814552193833,0.00398950234536438,0.9973755863410951,0.017454072760969164,1
281,0.2713269927696557,0.013470134392819787,0.003848609826519939,0.9621524566299848,0.021167354045859666,2
282,0.2207513819697806,0.010920563065642857,0.003900201094872449,0.9750502737181123,0.020281045693336733,1
283,0.49364809367518825,0.01390558010352643,0.0034763950258816074,0.8690987564704018,0.02781116020705286,1
284,0.22221183672194542,0.008576597206811927,0.0038984532758236036,0.9746133189559009,0.025729791620435784,1
285,0.49627280821027897,0.019087415700395346,0.003470439218253699,0.8676098045634247,0.024293074527775894,1
286,0.4974085638971046,0.006932523538635604,0.003466261769317802,0.8665654423294505,0.039862010347154725,1
287,0.4988668017341418,0.01558958755419193,0.003464352789820429,0.8660881974551072,0.027714822318563433,2
288,0.22518922965598348,0.010908820813784666,0.0038960074334945236,0.974001858373631,0.021817641627569332,2
289,0.3604874514155434,0.01740284248212968,0.003729180531884932,0.932295132971233,0.023618143368604568,2
290,0.27931462690137177,0.013437817101784207,0.003839376314795488,0.959844078698872,0.022076413810074056,2
291,0.09686006891570999,0.00530740103647726,0.003980550777357945,0.9951376943394862,0.016585628238991436,1
292,0.2810598432352944,0.010551734728970098,0.0038369944468982175,0.9592486117245544,0.026858961128287524,1
293,0.22885739990047105,0.00856269183301082,0.003892132651368555,0.9730331628421388,0.027244928559579887,1
294,0.22959485850547934,0.008561164215458552,0.0038914382797538873,0.9728595699384718,0.02724006795827721,1
295,0.283187339206696,0.0019134279676128105,0.003826855935225621,0.9567139838064053,0.06696997886644837,1
296,0.23109418864992584,0.010893328757908962,0.003890474556396058,0.9726186390990145,0.021786657515817924,1
297,0.5116681007088666,0.02403809869102058,0.0034340140987172254,0.8585035246793064,0.02403809869102058,1
298,0.5129339183001181,0.024016972763216234,0.00343099610903089,0.8577490272577226,0.024016972763216234,1
299,0.5141963987825986,0.023995831943187936,0.0034279759918839905,0.8569939979709976,0.023995831943187936,1
300,0.5154555457059312,0.023974676544461917,0.0034249537920659884,0.8562384480164971,0.023974676544461917,1
301,0.5167113626760119,0.023953506879020422,0.0034219295541457746,0.8554823885364436,0.023953506879020422,1
302,0.5179638533544062,0.0239323232572993,0.0034189033224713283,0.8547258306178321,0.0239323232572993,1
303,0.3748709481276565,0.0024662562376819505,0.0036993843565229258,0.9248460891307314,0.06412266217973071,1
304,0.19919699331584395,0.009143468545645296,0.003918629376705127,0.9796573441762817,0.022205566467995718,1
305,0.23767027927833476,0.008543702849874778,0.0038835012953976266,0.9708753238494067,0.02873790958594244,2
306,0.23811574564825186,0.0031024852853192425,0.003878106606649053,0.9695266516622634,0.057395977778405986,1
307,0.37969089211852736,0.013560389004233118,0.003698287910245396,0.924571977561349,0.028353540645214705,1
308,0.29511911353736625,0.015281248597404078,0.0038203121493510196,0.9550780373377549,0.021966794858768363,1
309,0.38180756578409153,0.019706196943695048,0.0036949119269428215,0.9237279817357054,0.023401108870637868,1
310,0.2413238707956125,0.00853557099277086,0.003879804996714027,0.9699512491785067,0.029486517975026605,1
311,0.529098628915247,0.018654118327140118,0.0033916578776618397,0.8479144694154599,0.027133263021294717,1
312,0.13773326997266647,0.0052805087529456795,0.003960381564709259,0.9900953911773148,0.026402543764728396,1
313,0.7819296238066986,0.0224119955868162,0.002490221731868467,0.6225554329671167,0.0224119955868162,1
314,0.7828944691035412,0.02236841340295832,0.0024853792669953688,0.6213448167488422,0.02236841340295832,1
315,0.5335912187510528,0.00675431922469687,0.003377159612348435,0.8442899030871088,0.04896881437905232,1
316,0.5351379142765016,0.018569454438616774,0.0033762644433848682,0.844066110846217,0.02869824776877138,1
317,0.3029241920034014,0.013336285182539686,0.0038103671950113385,0.9525917987528347,0.0247673867675737,1
318,0.14030082943455682,0.0048379596356743736,0.003958330611006306,0.9895826527515764,0.031666644888050446,2
319,0.24786644781517025,0.008520409143646478,0.0038729132471120352,0.9682283117780088,0.03175788862631869,1
320,0.07997494431734362,0.003737146930716991,0.003986290059431457,0.9965725148578644,0.020429736554586218,1
321,0.24925385585578036,0.00696672267919883,0.0038704014884437944,0.9676003721109486,0.03947809518212671,2
322,0.3071844209570835,0.010461388949002844,0.003804141436001034,0.9510353590002585,0.03233520220600879,1
323,0.15986145009957434,0.006907593522821114,0.003947196298754922,0.9867990746887305,0.024669976867218266,2
324,0.18254181363671768,0.008986673902115331,0.0039316698321754575,0.9829174580438643,0.021343350517523913,1
325,0.5458163812277237,0.023439967291988134,0.003348566755998305,0.8371416889995762,0.02678853404798644,1
326,0.5460491187782055,0.003339749961946211,0.003339749961946211,0.8349374904865527,0.06846487421989732,1
327,0.08170019970203854,0.003487203645818718,0.0039853755952213915,0.996343898805348,0.024410425520731024,1
328,0.31238036221946525,0.013292781371041075,0.0037979375345831646,0.9494843836457911,0.02658556274208215,2
329,0.18525222713843598,0.008981926164287805,0.003929592696875915,0.9823981742189787,0.021893445025451524,1
330,0.18577586923362505,0.007857589635259066,0.003928794817629533,0.9821987044073831,0.026379050918369718,1
331,0.21603392152545256,0.010411273326527833,0.0039042274974479376,0.9760568743619844,0.022774660401779636,1
332,0.216654126393614,0.01040980787476824,0.00390367795303809,0.9759194882595226,0.022771454726055528,2
333,0.18735476260716585,0.006170366433170133,0.0039265968211082665,0.9816492052770666,0.03477842898695893,2
334,0.5562198505903616,0.026565724207300856,0.003320715525912607,0.8301788814781517,0.026565724207300856,1
335,0.40863274690575824,0.019458702233607534,0.003648506668801413,0.9121266672003532,0.02553954668160989,2
336,0.40958214805949283,0.013369150233395908,0.0036461318818352476,0.9115329704588119,0.03403056423046231,1
337,0.1895108951887029,0.006167514340460745,0.003924781853020474,0.9811954632551185,0.03588371979904433,1
338,0.8042665015699401,0.026097143118788614,0.0023724675562535103,0.5931168890633776,0.026097143118788614,2
339,0.4125089785688441,0.010919355315057638,0.003639785105019213,0.9099462762548032,0.04125089785688441,1
340,0.32259037532486756,0.013244179632106,0.003784051323458857,0.9460128308647143,0.02838038492594143,1
341,0.035974390367014386,0.002419330346319681,0.0039971544852238205,0.9992886213059552,0.01030845104084038,1
342,0.22274746705869736,0.007143504774477175,0.003896457149714823,0.9741142874287056,0.03766575244724329,1
343,0.8083964521578559,0.025849886551559346,0.0023499896865053953,0.5874974216263488,0.025849886551559346,1
344,0.8092083970346783,0.025800847441685395,0.0023455315856077633,0.5863828964019407,0.025800847441685395,1
345,0.8100157317765874,0.025751945229891503,0.0023410859299901367,0.5852714824975342,0.025751945229891503,1
346,0.8108184866713056,0.025703179692750322,0.0023366526993409383,0.5841631748352346,0.025703179692750322,1
347,0.8116166918066458,0.02565455060308363,0.0023322318730076026,0.5830579682519007,0.02565455060308363,1
348,0.8124103770714439,0.02560605773004551,0.0023278234300041375,0.5819558575010343,0.02560605773004551,1
349,0.8131995721565,0.025557700839204285,0.0023234273490185713,0.5808568372546429,0.025557700839204285,1
350,0.8139843065555236,0.025509479692623245,0.0023190436084202953,0.5797609021050738,0.025509479692623245,1
351,0.5752202256602702,0.017975632051883444,0.003268296736706081,0.8170741841765202,0.03431711573541385,1
352,0.27155814620037794,0.008462151864601013,0.0038464326657277332,0.9616081664319333,0.03846432665727733,1
353,0.5774009545712381,0.01794183757142265,0.003262152285713209,0.8155380714283023,0.0342525989999887,1
354,0.3343880808300053,0.015071012093746719,0.0037677530234366797,0.9419382558591699,0.026374271164056756,1
355,0.5786996270286078,0.006502243000321436,0.003251121500160718,0.8127803750401795,0.06664799075329472,1
356,0.23144077343185404,0.010372695728038277,0.0038897608980143538,0.9724402245035885,0.025931739320095692,1
357,0.43049965110972305,0.01683518188697241,0.003607538975779802,0.9018847439449506,0.03126533779009162,1
358,0.5826494250770858,0.014606810099425549,0.0032459577998723444,0.811489449968086,0.042197451398340476,1
359,0.08962438429382703,0.005228089083806577,0.003983305968614534,0.9958264921536337,0.015933223874458138,1
360,0.23384664753528162,0.009068845056769925,0.0038866478814728244,0.9716619703682061,0.03303650699251901,1
361,0.5858978330810312,0.01780352531461697,0.0032370046026576308,0.8092511506644077,0.03884405523189157,1
362,0.43407421943488844,0.004783186991018054,0.0035873902432635406,0.8968475608158851,0.08490156909057046,1
363,0.11128400134725366,0.006420230846956942,0.0039744286195447735,0.9936071548861934,0.0174263408703117,1
364,0.23617680442315844,0.007117657119602035,0.0038823584288738373,0.9705896072184593,0.04594124140834041,1
365,0.5901713724398151,0.022574861240867244,0.003224980177266749,0.8062450443166873,0.03386229186130087,2
366,0.0973876003115662,0.006103310101269816,0.003980419631262924,0.9951049078157308,0.015125594598799108,1
367,0.3451058397002415,0.013129026510335274,0.003751150431524364,0.9377876078810911,0.03563592909948146,1
368,0.5931877948995407,0.017683104997005275,0.0032151099994555048,0.8037774998638761,0.04179642999292156,1
369,0.28367018908431185,0.012266818987429701,0.0038333809335717815,0.9583452333929453,0.03066704746857425,2
370,0.5938760026817326,0.0064029757701534505,0.0032014878850767253,0.8003719712691814,0.08163794106945649,2
371,0.4439754110958361,0.016708752030488456,0.003580446863676098,0.8951117159190244,0.03699795092465301,1
372,0.5958641318633069,0.006389963880571656,0.003194981940285828,0.7987454850714569,0.08306953044743152,1
373,0.3496399182716402,0.008413794824718613,0.003739464366541606,0.9348660916354016,0.0607662959563011,1
374,0.3508448756118492,0.013098208689509037,0.003742345339859725,0.9355863349649312,0.03742345339859725,1
375,0.44761714448897566,0.013095182418560457,0.003571413386880125,0.8928533467200312,0.04761884515840167,2
376,0.28852275519907655,0.010714372872114249,0.003826561740040803,0.9566404350102008,0.03826561740040803,1
377,0.8332846546217462,0.03086239461562023,0.002204456758258588,0.551114189564647,0.03086239461562023,1
378,0.8339565650229588,0.03080578340454201,0.0022004131003244293,0.5501032750811073,0.03080578340454201,1
379,0.8346247866206632,0.03074933424391917,0.002196381017422798,0.5490952543556994,0.03074933424391917,1
380,0.8352893434442784,0.03069304674073464,0.0021923604814810455,0.5480901203702614,0.03069304674073464,1
381,0.8359502593573762,0.03063692050000855,0.002188351464286325,0.5470878660715813,0.03063692050000855,1
382,0.8366075580586839,0.030580955124860507,0.0021843539374900365,0.5460884843725091,0.030580955124860507,1
383,0.8372612630830862,0.030525150216570852,0.0021803678726122037,0.5450919681530509,0.030525150216570852,1
384,0.8379113978026256,0.03046950537464093,0.002176393241045781,0.5440983102614452,0.03046950537464093,1
385,0.21521217507086463,0.007805622930031359,0.0039028114650156796,0.9757028662539199,0.040143203640161274,1
386,0.8392010490070658,0.03035869427932538,0.0021684781628089557,0.5421195407022389,0.03035869427932538,1
387,0.8398406114308227,0.030303527216576077,0.0021645376583268624,0.5411344145817156,0.030303527216576077,1
388,0.45952236574093624,0.01063162285775945,0.0035438742859198167,0.8859685714799541,0.06142715428927682,1
389,0.21733263095300048,0.007801684188056428,0.003900842094028214,0.9752105235070535,0.040680210409151374,1
390,0.36360185979574555,0.010229208331849619,0.0037197121206725887,0.9299280301681472,0.05393582574975254,1
391,0.3643900149394215,0.010225230011055197,0.003718265458565526,0.9295663646413814,0.054844415513841505,1
392,0.6153030695402949,0.006262626661987735,0.0031313133309938674,0.7828283327484669,0.09237374326431909,1
393,0.36596275889208535,0.010217234385312027,0.003715357958295283,0.9288394895738208,0.056659208864003066,1
394,0.3670811902891504,0.014869111505383309,0.0037172778763458272,0.9293194690864568,0.03717277876345827,1
395,0.15634849587854638,0.006317110944587733,0.003948194340367333,0.9870485850918331,0.03513892962926926,1
396,0.6211509220090589,0.03285684977881671,0.003129223788458735,0.7823059471146837,0.03285684977881671,2
397,0.46838766644744156,0.02471392209898561,0.0035305602998550872,0.8826400749637718,0.030598189265410757,1
398,0.19550141672804325,0.007839655808643339,0.0039198279043216695,0.9799569760804173,0.03723836509105586,1
399,0.4702219627689083,0.024686653045367688,0.0035266647207668122,0.8816661801917031,0.030564427579979042,2
400,0.6249943520822985,0.028054609320402428,0.003117178813378047,0.7792947033445119,0.035847556353847544,1
401,0.3060113180948258,0.017508110239256202,0.003806110921577435,0.9515277303943588,0.025120332082411073,1
402,0.19746557368105633,0.011269747381300982,0.003919912132626428,0.9799780331566071,0.022539494762601964,1
403,0.4737762030469432,0.018763413982057154,0.0035181401216357166,0.8795350304089291,0.039872254711871453,1
404,0.3078408933451195,0.010641413597115242,0.0038005048561125863,0.9501262140281466,0.0486464621582411,1
405,0.47544047631267616,0.01639449918319573,0.0035131069678276563,0.8782767419569141,0.04801246189364464,1
406,0.8511329629818027,0.03345977250051313,0.0020912357812820706,0.5228089453205177,0.03345977250051313,1
407,0.8517077151095093,0.03340030255331409,0.0020875189095821305,0.5218797273955326,0.03340030255331409,1
408,0.8522794097453958,0.033341003804220865,0.002083812737763804,0.520953184440951,0.033341003804220865,1
409,0.8528480665069853,0.033281875766126255,0.002080117235382891,0.5200293088457227,0.033281875766126255,1
410,0.8534137048743035,0.03322291795131108,0.0020764323719569427,0.5191080929892357,0.03322291795131108,1
411,0.8539763441908015,0.03316412987148744,0.002072758116967965,0.5181895292419912,0.03316412987148744,1
412,0.8545360036642754,0.03310551103784118,0.0020690944398650737,0.5172736099662684,0.03310551103784118,1
413,0.38214051443093583,0.014768715533562737,0.0036921788833906843,0.9230447208476711,0.0415370124381452,1
414,0.8556464592405416,0.03298877915144257,0.0020617986969651606,0.5154496742412901,0.03298877915144257,1
415,0.8561972930888626,0.03293066511880241,0.0020581665699251506,0.5145416424812876,0.03293066511880241,1
416,0.8567452225870273,0.03287271837264373,0.002054544898290233,0.5136362245725583,0.03287271837264373,1
417,0.8572902662781994,0.03281493842213203,0.002050933651383252,0.5127334128458131,0.03281493842213203,1
418,0.8578324425753177,0.03275732477614578,0.002047332798509111,0.5118331996272778,0.03275732477614578,1
419,0.6424873039899172,0.02447570681866351,0.0030594633523329385,0.7648658380832347,0.0397730235803282,1
420,0.643355706920425,0.0320913773048193,0.0030563216480780286,0.7640804120195072,0.03514769895289733,1
421,0.644238770938626,0.024426114537957386,0.0030532643172446732,0.7633160793111683,0.041219068282803084,1
422,0.6451417225960342,0.03202831246930666,0.0030503154732673013,0.7625788683168253,0.035078627942573964,1
423,0.6460307847242077,0.03199680773398198,0.0030473150222839985,0.7618287555709996,0.035044122756265984,1
424,0.3905685837439694,0.012865788640977815,0.0036759396117079473,0.9189849029269869,0.05238213946683825,1
425,0.3222230840317551,0.012102275456591741,0.003781961080184919,0.9454902700462298,0.04538353296221903,1
426,0.6486164081148997,0.03493718357527563,0.003038015963067446,0.7595039907668615,0.03493718357527563,1
427,0.3234100057133054,0.010578831962584757,0.003778154272351699,0.9445385680879248,0.05591668323080515,1
428,0.49607377488879345,0.026596029889142773,0.0034690473768447094,0.8672618442111774,0.03237777551721729,1
429,0.4967647058747996,0.01848426812557394,0.0034658002735451134,0.8664500683862784,0.046210670313934846,1
430,0.6508302232363096,0.013590422294957742,0.0030200938433239425,0.7550234608309856,0.07852243992642251,1
431,0.6516993624689258,0.013577070051435953,0.0030171266780968783,0.7542816695242196,0.07844529363051884,1
432,0.2398951609486093,0.008864486316807734,0.003878212763603384,0.9695531909008459,0.048200644347642055,2
433,0.397402572663747,0.012819437827862806,0.003662696522246516,0.915674130561629,0.058603144355944256,1
434,0.6553033222231105,0.021090221864651832,0.0030128888378074046,0.7532222094518511,0.05272555466162958,1
435,0.24142068003838332,0.008859474496821406,0.0038760200923593654,0.9690050230898414,0.05149569551277443,1
436,0.6572810980179602,0.0315855905226022,0.003008151478343067,0.7520378695857668,0.037601893479288336,1
437,0.5033309188114443,0.016088202884384065,0.0034474720466537282,0.8618680116634321,0.05975618214199796,1
438,0.12440656747908432,0.006517883945373438,0.003967407618922962,0.9918519047307406,0.02635492203998825,1
439,0.21462104732451134,0.008779951936002737,0.003902200860445661,0.9755502151114153,0.046338635217792225,1
440,0.5060741557511399,0.018360967102082175,0.003442681331640408,0.860670332910102,0.05278778041848625,1
441,0.5057559158731437,0.012586685689150636,0.0034327324606774462,0.8581831151693615,0.0869625556704953,1
442,0.6610629788952279,0.016414656360829588,0.0029844829746962886,0.7461207436740722,0.07759655734210351,1
443,0.5074560783647823,0.012572110049577942,0.00342875728624853,0.8571893215621325,0.08686185125162942,1
444,0.14666358902868673,0.007580365275639989,0.0039549731872904285,0.9887432968226072,0.028343974508914738,1
445,0.5105598896512817,0.024039815432011023,0.003434259347430146,0.8585648368575366,0.04006635905335171,1
446,0.6655958197725069,0.03424765963035271,0.002978057359161105,0.7445143397902763,0.038714745669094365,1
447,0.6664239504055415,0.034213729596713066,0.0029751069214533103,0.7437767303633276,0.038676389978893035,1
448,0.21892569406384418,0.0112144564887938,0.0039006805178413216,0.9751701294603304,0.031205444142730573,1
449,0.5135684769748073,0.018260212514659816,0.0034237898464987153,0.8559474616246788,0.05706316410831192,1
450,0.5147892010669126,0.026253107814942327,0.0034243184106446515,0.8560796026611628,0.03766750251709117,1
451,0.5155378538269011,0.023951979934435673,0.003421711419205096,0.855427854801274,0.04334167797659788,1
452,0.6704485313777525,0.03404043316045984,0.0029600376661269427,0.7400094165317357,0.041440527325777195,1
453,0.8745351583966049,0.04045206679808084,0.0019262888951467067,0.4815722237866767,0.04045206679808084,1
454,0.8749870565002249,0.04038401799231807,0.00192304847582467,0.4807621189561675,0.04038401799231807,1
455,0.8754366792016057,0.040316162857968685,0.0019198172789508896,0.4799543197377224,0.040316162857968685,1
456,0.8758840405938039,0.04024850077126889,0.001916595274822328,0.479148818705582,0.04024850077126889,1
457,0.8763291546713315,0.040181031109384195,0.0019133824337801998,0.47834560844505,0.040181031109384195,1
458,0.8767720353308683,0.040113753250431886,0.001910178726211042,0.47754468155276053,0.040113753250431886,1
459,0.8772126963719687,0.04004666657350292,0.0019069841225477582,0.47674603063693954,0.04004666657350292,1
460,0.8776511514977654,0.03997977045868346,0.001903798593270641,0.47594964831766023,0.03997977045868346,1
461,0.8780874143156672,0.03991306428707578,0.0019006221089083706,0.47515552722709264,0.03991306428707578,1
462,0.8785214983380534,0.039846547440818836,0.0018974546400389923,0.47436366000974806,0.039846547440818836,2
463,0.8789534169829634,0.03978021930310826,0.0018942961572908693,0.47357403932271736,0.03978021930310826,1
464,0.879383183574782,0.03971407925821596,0.0018911466313436172,0.4727866578359043,0.03971407925821596,1
465,0.3489171627166618,0.015723734800536262,0.003743746381080062,0.9359365952700155,0.04492495657296074,1
466,0.42268778908113314,0.020817599890505488,0.0036204521548705198,0.9051130387176299,0.040730086742293344,1
467,0.4233283739728631,0.018995503960320778,0.0036181912305372913,0.9045478076343229,0.04703648599698479,1
468,0.880947311125363,0.04132375446643494,0.0018783524757470427,0.46958811893676067,0.04132375446643494,2
469,0.6812846416405821,0.01594495969797107,0.0028990835814492856,0.7247708953623214,0.10146792535072499,1
470,0.3522132561878085,0.017199373444415276,0.003738994227046799,0.9347485567616999,0.043372333033742876,1
471,0.5319100871753032,0.02591934746828808,0.0033807844523854017,0.8451961130963505,0.04507712603180536,1
472,0.5326900843863066,0.02590247767628975,0.0033785840447334457,0.8446460111833614,0.046173981944690426,1
473,0.5318562437312082,0.015708834203031468,0.0033661787577924573,0.8415446894481143,0.09313094563225799,1
474,0.6875434787389483,0.03039665906003771,0.002894919910479782,0.7237299776199455,0.05066109843339619,1
475,0.35556285262291243,0.01942150035335236,0.003734903914106223,0.9337259785265558,0.036602058358240985,2
476,0.30271263187855596,0.014596206568567688,0.003807706061365484,0.951926515341371,0.04442323738259731,1
477,0.884513561728895,0.042560275982771095,0.001850446781859613,0.4626116954649032,0.042560275982771095,1
478,0.8849152983897567,0.042490713701387066,0.0018474223348429158,0.46185558371072893,0.042490713701387066,1
479,0.8853150695811335,0.042421347084095985,0.0018444063949606948,0.4611015987401737,0.042421347084095985,1
480,0.8857128872241123,0.04235217548057086,0.0018413989339378636,0.4603497334844659,0.04235217548057086,1
481,0.8861087631571578,0.04228319824193907,0.0018383999235625681,0.459599980890642,0.04228319824193907,1
482,0.8865027091367192,0.04221441472079616,0.0018354093356867894,0.45885233392169733,0.04221441472079616,1
483,0.8868947368378315,0.04214582427121927,0.0018324271422269247,0.4581067855567311,0.04214582427121927,1
484,0.8872848578547131,0.042077426248780206,0.0018294533151643568,0.4573633287910892,0.042077426248780206,1
485,0.43652009838842853,0.02065835856570752,0.003592758011427395,0.8981895028568488,0.047604043651412985,1
486,0.30831171772710625,0.013294755795214027,0.0037985016557754363,0.9496254139438591,0.054445190399447924,1
487,0.5444157300879255,0.02565893809840633,0.003346818012835608,0.836704503208902,0.05354908820536973,1
488,0.6976842250930445,0.029961899237124612,0.002853514213059487,0.7133785532648718,0.05849704136771948,1
489,0.5454061498247958,0.023374549278205536,0.0033392213254579335,0.8348053313644834,0.07123672160976925,1
490,0.6970038395163946,0.022712956073854,0.00283911950923175,0.7097798773079375,0.09936918282311123,1
491,0.5466956895539006,0.02333457211510551,0.0033335103021579302,0.8333775755394826,0.0777819070503517,1
492,0.44074761704066323,0.020562262052607007,0.003576045574366436,0.894011393591609,0.07777899124246998,1
493,0.5472042688575273,0.02547712182939904,0.0033231028473129183,0.8307757118282296,0.09858538447028324,1
494,0.6978569160383153,0.03242567488662879,0.0028196239031851125,0.7049059757962781,0.12265363978855238,1
495,0.5498073734323297,0.03879689127042649,0.0033254478231794136,0.8313619557948534,0.07094288689449416,1
496,0.8892057580772273,0.0679875629918202,0.0017891463945215842,0.44728659863039605,0.0679875629918202,1
497,0.8895793579787001,0.0678795494039972,0.0017863039316841367,0.4465759829210342,0.0678795494039972,1
498,0.8895099166301285,0.07130340013067162,0.0017825850032667904,0.4456462508166976,0.07130340013067162,1
499,0.8791528990874367,0.13011462906494065,0.0017583057981748734,0.43957644954371833,0.13011462906494065,1
500,0.04655226213982024,0.00018583737381165766,0.003995503536950639,0.9988758842376599,0.007991007073901279,2
501,0.09089296007980849,0.0010863700407945237,0.003983356816246587,0.9958392040616468,0.005069726857041111,2
502,0.05907024049338807,0.00023487173158404797,0.003992819436928816,0.9982048592322039,0.009042561665985847,2
503,0.045767985599772916,0.00018161899047528933,0.003995617790456365,0.9989044476140914,0.008899330533289177,1
504,0.07745300660121082,0.0,0.003987679547785112,0.996919886946278,0.011656294062756482,2
505,0.049303169083064924,0.00019487418609907085,0.003994920815030952,0.998730203757738,0.009548835118854472,2
506,0.0961204147242539,0.0005687598504393721,0.003981318953075605,0.9953297382689013,0.00796263790615121,2
507,0.18164628356240375,0.000715142848670881,0.003933285667689845,0.9833214169224613,0.008224142759715131,1
508,0.09649444286014824,0.00037915301713221315,0.0039811066798882385,0.9952766699720595,0.009857978445437543,2
509,0.1550173672910914,0.0006079112442787897,0.003951423087812133,0.9878557719530334,0.009726579908460636,2
510,0.45502395043897287,0.003561831314590786,0.003561831314590786,0.8904578286476964,0.003561831314590786,2
511,0.18302711717175776,0.0007149496764521788,0.003932223220486983,0.9830558051217458,0.009294345793878325,1
512,0.18337131786496014,0.0007148979253994548,0.003931938589697001,0.9829846474242503,0.010008570955592367,1
513,0.14529037028184583,0.0008479982701275048,0.003957325260595022,0.9893313151487556,0.009893313151487556,1
514,0.12768923447848907,0.000991761044493119,0.003967044177972476,0.9917610444931189,0.009421729922684629,2
515,0.3252751524632253,0.002521512809792444,0.003782269214688666,0.9455673036721666,0.008825294834273556,1
516,0.3821808429918957,0.0022176838084636114,0.003696139680772686,0.9240349201931715,0.008870735233854446,2
517,0.06265956874646099,0.0004838576737178455,0.003991825808172225,0.9979564520430563,0.011854513006087215,2
518,0.20324737413023325,0.0011748403128915216,0.003916134376305072,0.979033594076268,0.012923243441806738,2
519,0.20362741772929363,0.001566364751763797,0.0039159118794094925,0.9789779698523732,0.01096455326234658,2
520,0.18612288061712953,0.0007144832269371575,0.003929657748154366,0.9824144370385915,0.01428966453874315,2
521,0.18646674869541446,0.0007144319873387527,0.00392937593036314,0.982343982590785,0.01464585574044443,2
522,0.15886653562535297,0.00121504042543291,0.003948881382656957,0.9872203456642393,0.011846644147970872,2
523,0.2051116133869569,0.00039143437669266585,0.003914343766926658,0.9785859417316647,0.01683167819778463,2
524,0.22721086702752202,0.0017311304154477868,0.0038950434347575203,0.97376085868938,0.012117912908134507,1
525,0.46550185499328134,0.0017699690303927048,0.0035399380607854095,0.8849845151963524,0.009734829667159876,1
526,0.3884553011848146,0.0014742136667355392,0.003685534166838848,0.921383541709712,0.011793709333884314,2
527,0.13940374073842413,0.0005280444724940307,0.003960333543705231,0.9900833859263077,0.016897423119808984,1
528,0.0878176955891818,0.0008300349299544594,0.003984167663781405,0.9960419159453512,0.013114551893280459,1
529,0.3331144122900206,0.0012570355180755494,0.0037711065542266483,0.942776638556662,0.013827390698831044,2
530,0.3909532428977467,0.0029450338448041183,0.003681292306005148,0.920323076501287,0.011780135379216473,2
531,0.4696320071345707,0.0017655338614081606,0.0035310677228163213,0.8827669307040803,0.012358737029857124,2
532,0.2574863302838682,0.001932355199128467,0.003864710398256934,0.9661775995642334,0.013526486393899268,1
533,0.47100643373256706,0.0017640690401968804,0.0035281380803937608,0.8820345200984402,0.012348483281378162,1
534,0.3358911787138533,0.0012556679578087974,0.0037670038734263925,0.9417509683565981,0.016323683451514366,1
535,0.394065132686396,0.002940784572286537,0.0036759807153581713,0.9189951788395428,0.011763138289146147,2
536,0.29330926319762324,0.0010923994904939414,0.0038233982167287946,0.9558495541821987,0.017478391847903063,2
537,0.3375605915021008,0.0012548720873684046,0.0037646162621052135,0.9411540655263034,0.01631333713578926,2
538,0.2601700131835529,0.0009653803828703261,0.0038615215314813044,0.9653803828703261,0.018342227274536195,2
539,0.7337444169364452,0.0027175719145794267,0.0027175719145794267,0.6793929786448567,0.0054351438291588535,2
540,0.3392196230812767,0.0012540466657348492,0.0037621399972045475,0.9405349993011368,0.01755665332028789,2
541,0.21183236367778652,0.0007816692386634189,0.003908346193317094,0.9770865483292737,0.020323400205248893,1
542,0.13449487871602858,0.0009907541710204683,0.003963016684081873,0.9907541710204684,0.017338197992858195,2
543,0.7362303462098557,0.005413458428013645,0.0027067292140068224,0.6766823035017056,0.005413458428013645,2
544,0.15380362699490482,0.00028220848989890795,0.0039509188585847115,0.9877297146461778,0.026809806540396254,1
545,0.737466235550013,0.00540268304432244,0.00270134152216122,0.675335380540305,0.00540268304432244,2
546,0.1543956455347088,0.00197581264852461,0.00395162529704922,0.9879063242623048,0.013548429589883039,1
547,0.5899167960983349,0.0021529810076581567,0.0032294715114872348,0.8073678778718087,0.01184139554211986,1
548,0.17996180630112193,0.0006555985657600071,0.003933591394560042,0.9833978486400106,0.022945949801600245,2
549,0.2997780927382105,0.002180204310823349,0.0038153575439408604,0.9538393859852151,0.017441634486586793,2
550,0.4825377425213397,0.00350299631594439,0.00350299631594439,0.8757490789860974,0.01401198526377756,1
551,0.3452719413103639,0.0012509852946027676,0.0037529558838083027,0.9382389709520758,0.021892242655548434,2
552,0.34585170173362384,0.0025016397955415826,0.003752459693312374,0.9381149233280935,0.01751147856879108,2
553,0.5940783922361523,0.0021446873365926077,0.0032170310048889117,0.8042577512222279,0.015012811356148254,1
554,0.48516988909698155,0.0017483599607098434,0.0034967199214196868,0.8741799803549217,0.020106139548163197,1
555,0.48587367220538563,0.0034954940446430623,0.0034954940446430623,0.8738735111607655,0.015729723200893782,1
556,0.3480506393108489,0.003124332489325394,0.0037491989871904726,0.9372997467976182,0.017496261940222205,1
557,0.34859235207570677,0.0024988699073527367,0.003748304861029105,0.9370762152572762,0.018741524305145526,1
558,0.408192558989011,0.01022306945589652,0.003651096234248757,0.9127740585621893,0.01022306945589652,1
559,0.2695495463018947,0.0014440154266172932,0.003850707804312782,0.9626769510781954,0.024066923776954886,1
560,0.1998295400162508,0.0014248095544830716,0.003918226274828447,0.9795565687071117,0.022796952871729146,2
561,0.24226962564151552,0.001724338972537477,0.003879762688209323,0.9699406720523308,0.0224164066429872,1
562,0.13933404971361993,0.0009899399624413493,0.003959759849765397,0.9899399624413493,0.02425352907981306,2
563,0.2200297546143461,0.002730865748759615,0.0039012367839423067,0.9753091959855767,0.018335812884528842,1
564,0.15931724975390435,0.0011279097327710043,0.003947684064698515,0.9869210161746287,0.02425005925457659,1
565,0.24382589549819622,0.0008615756024671244,0.00387709021110206,0.9692725527755149,0.03230908509251717,1
566,0.35349470673791095,0.0024937898182568674,0.003740684727385301,0.9351711818463252,0.02182066090974759,1
567,0.24469473680718976,0.001723202371881618,0.0038772053367336404,0.9693013341834101,0.02369403261337225,1
568,0.3545850698253086,0.0024926894188070903,0.0037390341282106353,0.9347585320526588,0.02181103241456204,2
569,0.3550754087322059,0.0012458786271305469,0.0037376358813916407,0.9344089703479102,0.028032269110437304,1
570,0.3556069384530181,0.0012455584534256327,0.003736675360276898,0.9341688400692245,0.029270623655502367,1
571,0.7528368905483984,0.00526459364019859,0.002632296820099295,0.6580742050248237,0.011845335690446828,1
572,0.7533880132954413,0.0026296265734570374,0.0026296265734570374,0.6574066433642594,0.014462946154013705,2
573,0.7539557032572263,0.002627023356296956,0.002627023356296956,0.656755839074239,0.014448628459633257,1
574,0.7545217091216655,0.0026244233360753584,0.0026244233360753584,0.6561058340188396,0.01443432834841447,2
575,0.35837475997930157,0.0024887136109673718,0.003733070416451058,0.9332676041127645,0.023642779304190033,2
576,0.49961017045878886,0.002597626536180878,0.0034635020482411704,0.8658755120602926,0.025110389849748487,2
577,0.248773293178538,0.003873632592745401,0.003873632592745401,0.9684081481863503,0.016355337613813917,1
578,0.42024864404611056,0.007983998418838024,0.0036290901903809204,0.9072725475952301,0.013064724685371313,1
579,0.6115932143761685,0.0021089421185385123,0.0031634131778077684,0.7908532944519421,0.02214389224465438,1
580,0.9185612896821268,0.0031620009971846017,0.0015810004985923008,0.3952501246480752,0.0031620009971846017,1
581,0.9188077762368373,0.003157415038614561,0.0015787075193072805,0.39467687982682015,0.003157415038614561,2
582,0.9190531925138143,0.0031528411406991914,0.0015764205703495957,0.3941051425873989,0.0031528411406991914,1
583,0.919297544417087,0.003148279261702353,0.0015741396308511764,0.3935349077127941,0.003148279261702353,1
584,0.9195408378121632,0.003143729360041584,0.001571864680020792,0.39296617000519796,0.003143729360041584,1
585,0.9197830785263128,0.003139191394287757,0.0015695956971438785,0.3923989242859696,0.003139191394287757,1
586,0.920024272348846,0.0031346653231647224,0.0015673326615823612,0.39183316539559027,0.0031346653231647224,2
587,0.9202644250313909,0.0031301511055489488,0.0015650755527744744,0.3912688881936186,0.0031301511055489488,1
588,0.9205035422881699,0.003125648700469168,0.001562824350234584,0.390706087558646,0.003125648700469168,1
589,0.9207416297962713,0.0031211580671060045,0.0015605790335530023,0.3901447583882506,0.0031211580671060045,1
590,0.9209786931959215,0.003116679164791613,0.0015583395823958064,0.3895848955989516,0.003116679164791613,1
591,0.21042912511252196,0.003910000635536725,0.003910000635536725,0.9775001588841814,0.013507274922763234,1
592,0.6200520870638516,0.002091238067668977,0.003136857101503465,0.7842142753758663,0.023003618744358745,1
593,0.21109617747044254,0.0031984269313703414,0.003909188471674862,0.9772971179187154,0.017413657737460748,2
594,0.21139340457248876,0.0017764151644746955,0.00390811336184433,0.9770283404610826,0.02664622746712043,1
595,0.4302162606256584,0.0021655180903976095,0.003609196817329349,0.9022992043323372,0.02742989581170305,1
596,0.9223688697144735,0.004635019445801375,0.0015450064819337915,0.3862516204834479,0.004635019445801375,2
597,0.37018781311425664,0.0024761726629716164,0.0037142589944574246,0.9285647486143561,0.026618856126944875,1
598,0.6238601859680544,0.002083005629275641,0.0031245084439134613,0.7811271109783653,0.02499606755130769,1
599,0.21314305173684905,0.004262861034736981,0.003907622615175566,0.9769056537938915,0.013854298362895189,1
600,0.7686169879446229,0.0025577936370869314,0.0025577936370869314,0.6394484092717329,0.01790455545960852,1
601,0.3723027021384669,0.002473772107232338,0.0037106581608485067,0.9276645402121267,0.028448379233171887,1
602,0.6264973105028926,0.009350706126908845,0.0031169020423029484,0.7792255105757371,0.014545542864080425,1
603,0.289072918940729,0.006700365670811599,0.0038287803833209136,0.9571950958302284,0.01244353624579297,1
604,0.770707515777928,0.005095586881176384,0.002547793440588192,0.6369483601470479,0.016560657363823245,1
605,0.21507627845574442,0.001419645402348148,0.003904024856457407,0.9760062141143518,0.03371657830576852,1
606,0.32741855268365516,0.0010788090697978754,0.0037758317442925637,0.9439579360731409,0.041534149187218206,1
607,0.327900003872799,0.001078618433792102,0.003775164518272357,0.9437911295680893,0.041526809700995926,1
608,0.9250513149074815,0.006075870705467858,0.0015189676763669646,0.37974191909174115,0.006075870705467858,1
609,0.9252700105765179,0.006067344331649298,0.0015168360829123245,0.37920902072808116,0.006067344331649298,1
610,0.9254877873738963,0.006058839851874934,0.0015147099629687336,0.37867749074218343,0.006058839851874934,1
611,0.9257046502255978,0.006050357191016978,0.0015125892977542446,0.37814732443856114,0.006050357191016978,1
612,0.9259206040261946,0.006041896274232917,0.0015104740685582293,0.37761851713955735,0.006041896274232917,2
613,0.926135653639077,0.006033457026964672,0.001508364256741168,0.377091064185292,0.006033457026964672,1
614,0.926349803896678,0.006025039374937743,0.0015062598437344356,0.3765649609336089,0.006025039374937743,1
615,0.9265630596006948,0.006016643244160356,0.001504160811040089,0.37604020276002226,0.006016643244160356,1
616,0.9267754255223123,0.006008268560922608,0.001502067140230652,0.375516785057663,0.006008268560922608,1
617,0.9269869064024199,0.005999915251795598,0.0014999788129488995,0.3749947032372249,0.005999915251795598,1
618,0.9271975069518319,0.0059915832436305775,0.0014978958109076444,0.3744739527269111,0.0059915832436305775,2
619,0.927407231851501,0.005983272463558071,0.0014958181158895177,0.3739545289723794,0.005983272463558071,1
620,0.33423587396256416,0.002152888077053553,0.003767554134843718,0.9418885337109295,0.033369765194330075,1
621,0.927824073277407,0.005966714297603904,0.001491678574400976,0.372919643600244,0.005966714297603904,1
622,0.5285515755226121,0.0033935895699686172,0.0033935895699686172,0.8483973924921543,0.028845511344733246,2
623,0.3840223966574876,0.0067696255821031465,0.0036925230447835346,0.9231307611958837,0.017231774208989827,1
624,0.6400588345362226,0.01331322375835343,0.003072282405773868,0.7680706014434671,0.014337317893611385,2
625,0.44763701512684345,0.005005525728255438,0.0035753755201824557,0.893843880045614,0.02502762864127719,1
626,0.26836300663521817,0.0038521005737112654,0.0038521005737112654,0.9630251434278163,0.023112603442267593,1
627,0.7821758219799941,0.013700531913662318,0.0024910058024840576,0.6227514506210144,0.013700531913662318,1
628,0.44904075605464006,0.0014277925470735774,0.0035694813676839434,0.8923703419209859,0.04497546523281769,1
629,0.22319258319136945,0.002479917591015216,0.003897013357309625,0.9742533393274063,0.031530380800050606,1
630,0.2699219297076017,0.0034221480787017646,0.0038499165885394855,0.9624791471348714,0.027377184629614117,1
631,0.7839501794828238,0.002480854998363366,0.002480854998363366,0.6202137495908416,0.02728940498199703,1
632,0.6447412651445503,0.006111291612744553,0.0030556458063722763,0.7639114515930691,0.026482263655226393,1
633,0.16666983413883332,0.003154634084646687,0.003943292605808359,0.9858231514520898,0.018664918334159567,1
634,0.6460251467697289,0.01322571166615193,0.0030520873075735224,0.7630218268933806,0.016277798973725454,1
635,0.15698778299748828,0.0027151975046735394,0.003949378188616058,0.9873445471540143,0.02196841617417682,1
636,0.4536510052441854,0.0028486719324595632,0.0035608399155744536,0.8902099788936134,0.041305743020663664,1
637,0.3424463140781773,0.007514495920210787,0.0037572479601053936,0.9393119900263484,0.018786239800526967,1
638,0.5382902878828325,0.009266342983898525,0.0033695792668721907,0.8423948167180477,0.02274466005138729,1
639,0.273390683890085,0.0029902106050478045,0.0038445564922043197,0.96113912305108,0.03801839197846494,2
640,0.3051077085787988,0.005235857713520729,0.003807896518924166,0.9519741297310415,0.02475132737300708,2
641,0.45654453763740765,0.004977899943086999,0.0035556428164907135,0.8889107041226784,0.03697868529150342,1
642,0.39385737531389725,0.006737840013145987,0.0036751854617159928,0.9187963654289982,0.02511376732172595,1
643,0.457809043932827,0.007108836085913462,0.003554418042956731,0.8886045107391829,0.027013577126471157,1
644,0.7901060324978187,0.017149588302278237,0.002449941186039748,0.612485296509937,0.017149588302278237,2
645,0.7905656262406502,0.017133001187877868,0.002447571598268267,0.6118928995670667,0.017133001187877868,1
646,0.7910238879701277,0.017116436524855932,0.0024452052178365615,0.6113013044591404,0.017116436524855932,1
647,0.7910672809184611,0.0024415656818471024,0.0024415656818471024,0.6103914204617755,0.04028583375047719,1
648,0.6541354985298016,0.011087042347962739,0.003023738822171656,0.755934705542914,0.023181997636649364,1
649,0.3090030771169649,0.006655450891750013,0.0038031147952857216,0.9507786988214304,0.0218679100728929,1
650,0.9333738630304559,0.012903786124845013,0.0014337540138716681,0.358438503467917,0.012903786124845013,1
651,0.4623515835834155,0.011346051130881362,0.0035456409784004254,0.8864102446001064,0.0191464612833623,1
652,0.5465828550077217,0.011718468560655596,0.0033481338744730275,0.8370334686182569,0.02176287018407468,1
653,0.7938881166339083,0.004855584811216565,0.0024277924056082824,0.6069481014020706,0.03641688608412423,1
654,0.6575791515522786,0.014055126903407482,0.0030118129078730315,0.752953226968258,0.021082690355111223,1
655,0.16180633010060838,0.003946495856112399,0.003946495856112399,0.9866239640280998,0.018992511307540923,1
656,0.7951932488424156,0.004841359201475894,0.002420679600737947,0.6051699001844868,0.03752053381143818,1
657,0.3124234585877468,0.006647307629526527,0.003798461502586587,0.9496153756466467,0.02374038439116617,1
658,0.6597965253018793,0.011013295566495709,0.0030036260635897386,0.7509065158974347,0.026031425884444404,1
659,0.3527661936040764,0.007482919258268287,0.0037414596291341436,0.9353649072835359,0.024052240473005207,1
660,0.46730880212522574,0.010604587037637498,0.0035348623458791657,0.8837155864697914,0.023330091482802497,1
661,0.7976714179654231,0.019279067503696026,0.0024098834379620033,0.6024708594905008,0.019279067503696026,1
662,0.6620819976511759,0.01597784609716262,0.0029958461432179908,0.7489615358044978,0.020970923002525937,1
663,0.3148983664344464,0.005216689805389925,0.0037939562221017634,0.9484890555254409,0.034145605998915876,1
664,0.9358143845256574,0.015479636435762754,0.001407239675978432,0.35180991899460806,0.015479636435762754,1
665,0.9359888912656986,0.015459275981865894,0.0014053887256241721,0.35134718140604304,0.015459275981865894,1
666,0.9361627107091175,0.0154389652440784,0.0014035422949162182,0.35088557372905455,0.0154389652440784,1
667,0.9363358463337809,0.015418704056394596,0.0014017003687631449,0.35042509219078627,0.015418704056394596,2
668,0.9365083015964417,0.0153984922534542,0.0013998629321322,0.34996573303305,0.0153984922534542,1
669,0.6643641858604113,0.0019831766742101835,0.002974765011315275,0.7436912528288188,0.07436912528288188,2
670,0.6648183388679229,0.0019815747805303216,0.0029723621707954825,0.7430905426988705,0.07629062905041738,1
671,0.5575582851380986,0.013275197265192823,0.003318799316298206,0.8296998290745515,0.023231595214087443,1
672,0.17659554105655703,0.00419840810832825,0.003936007601557734,0.9840019003894336,0.02282884408903486,1
673,0.18904251957014742,0.0044876562509233815,0.003926699219557958,0.9816748048894897,0.02327971680166504,1
674,0.26058425791575246,0.006176812039484503,0.0038605075246778142,0.9651268811694536,0.023935146653002448,1
675,0.6692511675527818,0.015840264320775902,0.0029700495601454814,0.7425123900363704,0.022770379961115358,1
676,0.669768697939274,0.013850460518685135,0.0029679558254325287,0.7419889563581322,0.02572228382041525,1
677,0.14129011761643331,0.004793027588758062,0.003959457573321877,0.9898643933304693,0.012920335239260863,1
678,0.3614292289610042,0.005855259968440422,0.0037260745253711778,0.9315186313427944,0.03992222705754833,1
679,0.6713650456395164,0.013822221527872396,0.0029619046131155137,0.7404761532788784,0.027644443055744792,1
680,0.1909495387675862,0.005607915969679477,0.0039255411787756335,0.9813852946939084,0.019347310095394196,2
681,0.8052784344198562,0.004723040671084201,0.0023615203355421004,0.5903800838855251,0.05431496771746831,1
682,0.8064710006377191,0.012988551986844673,0.0023615549066990315,0.5903887266747578,0.02951943633373789,1
683,0.673359148916139,0.010828875201867733,0.0029533296005093816,0.7383324001273455,0.03642439840628237,1
684,0.5648659000078666,0.013193948029380825,0.003298487007345206,0.8246217518363016,0.027212517810597952,1
685,0.3648611005756085,0.011169217364559444,0.0037230724548531478,0.9307681137132869,0.02021096475491709,1
686,0.36511250444512683,0.006908970244230929,0.0037202147468935773,0.9300536867233944,0.04039090296627312,1
687,0.41669153629043737,0.00969050084396366,0.0036339378164863723,0.9084844541215931,0.030282815137386437,1
688,0.6761029564886082,0.013737941060726436,0.0029438445130128077,0.7359611282532019,0.03238228964314089,1
689,0.9398477980411067,0.019069375612428253,0.0013620982580305895,0.3405245645076474,0.019069375612428253,1
690,0.940006431299915,0.019044992819390462,0.0013603566299564616,0.3400891574891154,0.019044992819390462,1
691,0.9401644571702193,0.019020668208646056,0.0013586191577604325,0.33965478944010813,0.019020668208646056,1
692,0.940321878647565,0.018996401588839695,0.001356885827774264,0.339221456943566,0.018996401588839695,1
693,0.9404786987097175,0.018972192769360297,0.0013551566263828782,0.33878915659571956,0.018972192769360297,1
694,0.9406349203167842,0.018948041560338098,0.0013534315400241497,0.3383578850060375,0.018948041560338098,1
695,0.369366296058575,0.009021877920970941,0.0037148909086350936,0.9287227271587734,0.030780524671547918,2
696,0.6802869060439928,0.013664299404040027,0.0029280641580085773,0.7320160395021443,0.03416074851010007,1
697,0.6808107123420478,0.013655229187376317,0.002926120540152068,0.731530135038017,0.03413807296844079,1
698,0.3707035219084601,0.008485345279735853,0.003712338559884436,0.928084639971109,0.03394138111894341,1
699,0.8132467677667917,0.02439740303300375,0.0023235621936194047,0.5808905484048512,0.02439740303300375,1
700,0.6823564872415825,0.015574470464857802,0.002920213212160838,0.7300533030402094,0.034069154141876445,1
701,0.9416102972804699,0.021461203356819825,0.001341325209801239,0.3353313024503098,0.021461203356819825,1
702,0.9417620757623923,0.021434129747081476,0.0013396331091925923,0.33490827729814804,0.021434129747081476,1
703,0.9419132808714427,0.021407120019805517,0.0013379450012378448,0.33448625030946116,0.021407120019805517,1
704,0.9420639154006611,0.021380173966539826,0.0013362608729087391,0.33406521822718477,0.021380173966539826,1
705,0.9422139821266918,0.02135329137964174,0.0013345807112276088,0.3336451778069022,0.02135329137964174,1
706,0.8158893298279376,0.016156224353028468,0.0023080320504326383,0.5770080126081596,0.03346646473127326,1
707,0.5767589674009728,0.008960944408772176,0.0032585252395535185,0.8146313098883796,0.060282716931740095,1
708,0.8163728927598868,0.012665869986401629,0.0023028854520730233,0.5757213630182558,0.04375482358938744,2
709,0.42761146272357403,0.012647662981964866,0.003613617994847105,0.9034044987117762,0.02890894395877684,1
710,0.817412568979238,0.026442319390326968,0.002299332120897997,0.5748330302244993,0.026442319390326968,1
711,0.4286098218781701,0.013845541998873473,0.0036118805214452538,0.9029701303613135,0.027089103910839404,1
712,0.8179779563004422,0.01606127824432846,0.0022944683206183513,0.5736170801545878,0.040153195610821146,2
713,0.429260749531593,0.009619288504909647,0.003607233189341118,0.9018082973352795,0.04869764805610509,1
714,0.5809244418276199,0.012999707789149538,0.0032499269472873846,0.8124817368218461,0.04712394073566707,1
715,0.496399640670217,0.011092729400451777,0.0034664779376411803,0.8666194844102951,0.049223986714504765,1
716,0.8196507436183378,0.024006507135265125,0.0022863340128823927,0.5715835032205981,0.029722342167471105,1
717,0.6909921198718731,0.02021007592940019,0.0028871537042000272,0.7217884260500068,0.03368345988233365,1
718,0.6914944932800122,0.020196640276606757,0.0028852343252295364,0.7213085813073841,0.03366106712767793,1
719,0.3385189665505935,0.010813800320366182,0.00376132185056215,0.9403304626405375,0.03244140096109854,1
720,0.6924262974276014,0.020167756235755382,0.0028811080336793404,0.7202770084198351,0.03649403509327165,1
721,0.6929675240046949,0.0220751427314515,0.002879366443232804,0.7198416108082011,0.03359260850438271,1
722,0.6933743907415323,0.02013950512527272,0.002877072160753246,0.7192680401883115,0.038360962143376615,1
723,0.8221472816854717,0.026117938506582665,0.0022711250875289274,0.5677812718822318,0.03179575122540498,1
724,0.9446640969993031,0.027362684188945333,0.0013029849613783492,0.32574624034458727,0.027362684188945333,1
725,0.9448040524083501,0.027329042838258058,0.001301382992298003,0.3253457480745007,0.027329042838258058,1
726,0.4358931520454798,0.0149894481446176,0.003597467554708224,0.899366888677056,0.0299788962892352,1
727,0.9450824197876531,0.027261992878489995,0.001298190137070952,0.324547534267738,0.027261992878489995,1
728,0.9452208366459782,0.027228583771694848,0.001296599227223564,0.324149806805891,0.027228583771694848,1
729,0.696832997595441,0.02195501225300705,0.0028636972503922236,0.7159243125980559,0.037228064255098905,1
730,0.8245843996295542,0.023688471124788835,0.002256044869027508,0.564011217256877,0.037224740338953885,1
731,0.6964262699661686,0.01331962811410705,0.002854206024451511,0.7135515061128777,0.07516075864388978,1
732,0.9456309210193196,0.029671911573593928,0.0012900831118953882,0.32252077797384704,0.029671911573593928,2
733,0.9457671394683989,0.029635755051462088,0.0012885110891940037,0.322127772298501,0.029635755051462088,1
734,0.9459028608261888,0.02959968135918686,0.0012869426677907332,0.3217356669476833,0.02959968135918686,1
735,0.9460380874375971,0.02956369023242491,0.0012853778361923873,0.32134445904809683,0.02956369023242491,1
736,0.9461728216341615,0.02952778140785036,0.0012838165829500156,0.3209541457375039,0.02952778140785036,1
737,0.9463070657341388,0.029491954623150667,0.0012822588966587248,0.3205647241646812,0.029491954623150667,1
738,0.9464408220425922,0.02945620961702249,0.0012807047659574996,0.3201761914893749,0.02945620961702249,1
739,0.5942195861734428,0.01846898713782322,0.003211997763099691,0.8029994407749227,0.04175597092029598,1
740,0.9467068804397297,0.029384963900288507,0.0012776071260995002,0.3194017815248751,0.029384963900288507,1
741,0.38991190555776317,0.012086218096803979,0.003678414203375124,0.9196035508437811,0.046242921413858704,1
742,0.7013773657175513,0.01510368486067405,0.0028319409113763848,0.7079852278440961,0.08118230612612302,1
743,0.8289658860449509,0.025626633573970256,0.0022284029194756744,0.5571007298689186,0.04233965547003782,1
744,0.8287123966820067,0.023359678295734418,0.0022247312662604206,0.5561828165651052,0.057843012922770935,1
745,0.7038368553913293,0.02170006390616699,0.0028304431181956947,0.7076107795489236,0.05849582444271102,1
746,0.9459850293568167,0.049388776633086814,0.001266378888027867,0.31659472200696676,0.049388776633086814,1
747,0.940621580425114,0.09054111469332649,0.0012575154818517567,0.31437887046293916,0.09054111469332649,1
