id,Wifes_age,Wifes_education,Husbands_education,Number_of_children_ever_born,Wifes_religion,Wifes_now_working?,Husbands_occupation,Standard-of-living_index,Media_exposure,binaryClass
1,24,2,3,3,1,1,2,3,0,P
2,45,1,3,10,1,1,3,4,0,P
3,43,2,3,7,1,1,3,4,0,P
4,42,3,2,9,1,1,3,3,0,P
5,36,3,3,8,1,1,3,2,0,P
6,19,4,4,0,1,1,3,3,0,P
7,38,2,3,6,1,1,3,2,0,P
8,21,3,3,1,1,0,3,2,0,P
9,27,2,3,3,1,1,3,4,0,P
10,45,1,1,8,1,1,2,2,1,P
11,38,1,3,2,1,0,3,3,1,P
12,42,1,4,4,1,1,1,3,0,P
13,44,4,4,1,1,0,1,4,0,P
14,42,2,4,1,1,0,3,3,0,P
15,38,3,4,2,1,1,2,3,0,P
16,26,2,4,0,1,1,4,1,0,P
17,48,1,1,7,1,1,2,4,0,P
18,39,2,2,6,1,1,2,4,0,P
19,37,2,2,8,1,1,2,3,0,P
20,39,2,1,5,1,1,2,1,1,P
21,26,3,4,1,1,0,4,1,0,P
22,24,3,4,0,1,0,3,1,0,P
23,46,4,4,1,0,1,1,4,0,P
24,39,4,4,1,1,1,1,4,0,P
25,48,4,4,5,1,1,1,4,0,P
26,40,2,4,8,1,1,3,3,0,P
27,38,4,4,1,1,0,1,4,0,P
28,29,4,4,0,1,0,1,4,0,P
29,24,4,4,0,1,0,2,2,0,P
30,43,1,2,8,1,1,2,4,0,P
31,31,3,4,2,1,1,1,4,0,P
32,31,4,4,2,1,1,3,2,0,P
33,26,2,4,0,1,0,1,2,0,P
34,33,2,2,2,1,1,3,1,0,P
35,24,2,3,1,1,1,3,3,0,P
36,42,1,3,9,1,1,3,2,1,P
37,43,1,2,8,1,0,3,1,0,P
38,25,3,3,4,1,1,3,2,0,P
39,42,2,2,3,1,1,3,4,0,P
40,28,2,2,1,1,1,2,4,0,P
41,28,1,1,3,1,1,3,1,0,P
42,47,2,3,0,1,0,1,3,0,P
43,48,2,4,2,1,1,1,3,0,P
44,40,4,4,2,0,1,1,4,0,P
45,28,2,2,1,1,1,3,2,0,P
46,25,1,4,1,1,1,2,1,0,P
47,32,4,4,2,1,1,2,3,0,P
48,45,4,4,0,1,1,2,4,0,P
49,26,4,4,1,1,1,1,4,0,P
50,26,4,4,0,1,0,1,4,0,P
51,31,4,4,0,1,0,1,4,0,P
52,49,4,4,7,0,1,2,4,0,P
53,40,3,4,8,1,1,3,3,0,P
54,34,4,4,1,0,0,2,3,0,P
55,36,2,4,5,1,1,2,3,0,P
56,20,2,2,2,1,1,2,2,1,P
57,43,4,4,5,1,0,1,4,0,P
58,37,3,4,7,1,1,2,1,0,P
59,21,2,3,0,1,1,3,4,0,P
60,49,4,4,6,1,1,1,2,0,P
61,42,3,3,10,1,1,3,3,0,P
62,20,2,3,1,1,1,2,3,0,P
63,47,1,2,2,1,0,1,3,0,P
64,22,2,3,1,1,1,2,1,0,P
65,27,2,4,1,1,0,1,3,0,P
66,24,2,4,1,1,1,3,1,0,P
67,44,4,2,8,1,1,3,3,0,P
68,30,2,3,3,1,1,3,1,0,P
69,23,3,4,2,1,1,3,4,0,P
70,25,4,4,1,1,0,3,3,0,P
71,47,2,3,4,1,1,2,3,0,P
72,48,2,3,8,1,1,1,4,0,P
73,29,2,3,1,1,1,1,1,0,P
74,29,2,3,1,1,1,1,2,0,P
75,21,3,4,0,1,1,2,3,0,P
76,21,3,4,1,1,1,2,3,0,P
77,29,4,4,0,1,0,2,4,0,P
78,45,3,4,3,1,1,1,4,0,P
79,33,2,3,2,1,1,3,2,0,P
80,38,4,4,1,1,0,1,4,0,P
81,24,4,4,0,0,1,1,4,0,P
82,49,4,4,6,0,0,1,4,0,P
83,24,2,4,1,1,0,4,4,0,P
84,28,4,4,0,0,0,1,4,0,P
85,30,4,4,2,1,1,1,4,0,P
86,33,4,4,2,1,1,1,4,0,P
87,25,4,4,1,1,1,1,3,0,P
88,35,4,4,3,0,1,1,4,0,P
89,27,2,4,4,1,1,1,4,0,P
90,24,2,2,3,1,0,2,1,0,P
91,25,2,3,0,1,1,2,1,0,P
92,46,2,4,6,1,1,1,4,0,P
93,26,2,2,3,1,1,2,1,0,P
94,38,2,2,1,1,0,3,2,0,P
95,47,1,2,3,1,1,1,3,0,P
96,41,1,3,10,1,1,2,3,1,P
97,41,2,3,1,1,0,2,3,0,P
98,28,4,4,5,1,1,2,1,0,P
99,17,2,2,3,1,1,3,1,0,P
100,27,2,3,5,1,1,2,1,0,P
101,27,1,2,4,1,1,3,1,1,P
102,19,2,3,0,1,0,2,2,0,P
103,27,2,4,3,1,0,3,2,0,P
104,26,4,3,4,1,1,2,3,0,P
105,23,2,4,2,1,1,3,3,0,P
106,40,3,3,3,1,1,3,2,0,P
107,22,4,4,0,1,1,1,1,0,P
108,44,3,4,4,1,0,1,3,0,P
109,29,2,3,2,1,1,3,1,0,P
110,26,2,3,3,1,1,3,1,0,P
111,45,4,4,1,1,0,3,3,0,P
112,32,3,3,7,1,0,2,3,0,P
113,21,4,4,1,1,1,1,4,0,P
114,31,2,2,4,1,1,3,3,0,P
115,21,3,4,0,1,1,1,3,0,P
116,37,4,4,1,1,1,1,4,0,P
117,34,4,4,3,0,0,3,3,0,P
118,44,3,4,1,1,1,1,3,0,P
119,49,4,3,5,1,1,2,3,0,P
120,26,2,3,2,1,1,3,3,0,P
121,38,1,2,1,1,1,2,4,1,P
122,36,2,3,5,1,1,2,3,0,P
123,26,3,4,2,1,1,3,3,0,P
124,20,2,3,1,0,1,3,2,0,P
125,44,2,1,3,1,0,3,2,0,P
126,31,3,4,2,1,1,1,2,1,P
127,45,4,4,1,1,1,1,3,0,P
128,36,2,3,2,1,1,3,2,1,P
129,43,1,3,2,1,0,2,2,1,P
130,25,3,4,0,1,1,1,3,0,P
131,48,3,4,3,1,1,3,1,0,P
132,30,4,4,0,0,0,1,3,0,P
133,48,1,2,8,1,1,3,1,0,P
134,28,3,4,1,1,1,3,1,1,P
135,26,4,4,1,1,1,1,3,0,P
136,26,3,3,3,1,0,2,4,0,P
137,24,4,4,2,1,1,3,3,0,P
138,21,3,3,2,1,1,2,2,0,P
139,30,4,4,2,0,1,3,1,0,P
140,20,4,4,1,1,1,1,4,0,P
141,33,4,4,2,1,1,1,3,0,P
142,30,4,4,0,0,0,3,3,0,P
143,47,4,4,1,1,0,1,3,0,P
144,35,4,4,2,0,1,3,3,0,P
145,30,2,4,2,1,1,3,4,0,P
146,33,4,4,3,1,1,1,4,0,P
147,45,4,4,4,1,1,2,3,0,P
148,41,4,4,2,1,1,1,4,0,P
149,32,4,4,1,1,0,1,3,0,P
150,43,4,4,5,1,1,1,4,0,P
151,44,4,4,3,1,1,2,4,0,P
152,21,1,3,4,1,1,3,2,0,P
153,44,3,4,2,1,1,1,4,1,P
154,23,4,4,2,1,1,2,4,0,P
155,47,1,2,4,1,1,2,2,0,P
156,47,1,1,7,1,1,2,3,1,P
157,35,4,4,2,1,0,2,4,0,P
158,32,2,4,4,1,1,3,2,0,P
159,45,1,4,5,1,1,1,2,1,P
160,22,2,2,2,1,1,3,1,0,P
161,23,1,1,3,1,1,2,1,1,P
162,30,4,4,0,1,0,1,4,0,P
163,44,1,3,0,1,1,2,3,0,P
164,40,3,3,1,1,0,3,3,0,P
165,34,4,4,4,1,1,2,3,0,P
166,37,3,4,1,1,1,2,4,0,P
167,49,3,4,5,1,1,1,4,0,P
168,26,4,4,1,1,1,1,4,0,P
169,22,4,4,0,1,1,2,4,0,P
170,20,3,4,0,1,0,2,4,0,P
171,47,4,4,4,1,1,1,4,0,P
172,49,2,2,8,1,0,3,1,0,P
173,22,2,4,1,1,1,2,4,0,P
174,22,3,3,2,1,1,3,4,0,P
175,25,3,2,2,1,1,3,2,0,P
176,32,2,4,0,1,0,3,4,0,P
177,28,4,4,0,0,1,1,3,0,P
178,30,2,4,4,1,0,1,4,0,P
179,45,2,4,2,1,0,2,4,0,P
180,49,2,1,10,1,0,2,4,0,P
181,34,4,4,2,1,0,1,4,0,P
182,25,2,4,1,1,1,2,2,0,P
183,42,1,3,12,1,1,3,3,0,P
184,48,2,1,3,1,0,4,3,0,P
185,35,3,4,5,1,0,2,2,0,P
186,33,2,3,1,1,1,3,4,0,P
187,20,2,4,0,1,1,3,2,0,P
188,36,2,3,4,1,1,3,1,1,P
189,19,3,3,2,1,1,3,2,0,P
190,27,3,2,3,1,1,3,2,0,P
191,30,1,2,4,1,1,4,1,0,P
192,31,3,4,3,1,0,3,2,0,P
193,44,1,1,11,1,1,4,1,1,P
194,24,3,3,2,1,1,3,3,0,P
195,18,3,4,0,1,0,3,1,0,P
196,45,1,2,6,1,1,3,3,1,P
197,25,2,2,3,1,0,3,1,0,P
198,36,3,4,6,1,1,2,4,0,P
199,30,1,1,5,1,1,2,2,0,P
200,32,2,4,2,1,1,3,3,0,P
201,42,1,4,11,0,1,2,2,1,P
202,22,2,4,0,1,1,3,3,0,P
203,36,2,4,2,1,0,2,4,0,P
204,27,2,3,2,1,1,3,3,0,P
205,40,3,4,1,1,1,1,2,0,P
206,22,2,3,2,1,1,3,1,0,P
207,26,2,4,0,1,1,3,1,0,P
208,31,3,4,0,1,0,2,3,0,P
209,32,4,4,1,1,1,1,4,0,P
210,34,2,3,3,1,0,3,2,0,P
211,40,3,3,1,0,1,3,4,0,P
212,45,1,2,1,1,0,3,3,0,P
213,26,3,4,3,1,1,3,2,0,P
214,48,1,3,5,1,1,3,2,0,P
215,43,1,3,8,1,1,3,1,0,P
216,27,3,4,2,1,0,2,2,0,P
217,42,3,2,1,1,1,3,3,0,P
218,34,3,2,8,1,0,2,3,1,P
219,32,3,2,4,1,1,2,2,1,P
220,31,3,3,2,1,0,2,3,0,P
221,22,2,3,1,1,1,3,3,0,P
222,27,3,4,0,1,1,3,3,0,P
223,37,1,2,2,1,1,2,2,1,P
224,22,1,2,0,1,1,2,4,0,P
225,47,4,4,4,1,1,1,4,0,P
226,32,4,4,4,1,0,1,3,0,P
227,37,3,3,2,1,1,1,4,0,P
228,45,1,3,1,1,1,2,3,1,P
229,47,1,4,8,1,1,3,3,0,P
230,28,3,4,0,1,1,3,2,0,P
231,48,1,3,4,1,1,3,4,1,P
232,26,2,4,1,1,1,1,3,0,P
233,21,3,4,0,1,0,3,1,0,P
234,20,2,3,1,1,1,2,4,0,P
235,39,1,1,5,1,0,3,1,1,P
236,27,2,3,1,1,0,3,4,0,P
237,37,2,3,5,1,0,3,2,0,P
238,24,4,4,1,1,1,3,3,0,P
239,39,3,3,6,1,1,3,3,0,P
240,20,3,3,1,1,1,2,3,0,P
241,19,3,4,1,1,1,2,3,0,P
242,40,3,3,4,1,1,2,2,0,P
243,41,1,4,4,1,1,3,3,0,P
244,22,4,4,2,1,1,1,3,0,P
245,32,3,4,4,1,1,1,4,0,P
246,34,4,4,2,0,1,1,4,0,P
247,34,4,4,2,1,0,1,3,0,P
248,23,4,4,2,1,1,1,4,0,P
249,27,4,4,1,1,1,1,2,0,P
250,46,3,2,11,1,0,2,2,1,P
251,34,4,4,3,0,1,1,2,0,P
252,33,4,4,5,1,1,3,3,0,P
253,25,3,3,1,1,1,3,2,0,P
254,26,4,4,1,1,0,1,4,0,P
255,48,1,3,4,1,1,3,3,1,P
256,36,4,4,2,1,1,3,3,0,P
257,38,3,4,2,0,1,2,4,0,P
258,44,1,2,7,1,1,3,4,0,P
259,44,2,2,1,1,0,3,2,0,P
260,39,3,3,1,0,1,3,4,0,P
261,47,1,2,7,1,0,3,2,0,P
262,43,1,3,5,1,0,3,2,0,P
263,29,3,3,3,1,0,2,4,0,P
264,22,3,3,0,1,1,2,2,0,P
265,31,2,4,5,1,1,3,2,0,P
266,22,4,4,0,1,1,1,3,0,P
267,45,3,4,6,1,1,2,4,0,P
268,42,3,4,10,1,0,3,2,0,P
269,38,3,3,7,1,1,3,1,0,P
270,47,1,1,6,1,0,3,1,0,P
271,30,4,4,2,1,1,1,4,0,P
272,28,3,4,1,1,1,3,4,0,P
273,25,3,4,1,1,1,2,1,0,P
274,49,2,4,6,0,1,2,3,0,P
275,23,3,4,2,1,0,2,3,0,P
276,35,3,4,1,0,1,2,3,0,P
277,47,2,1,5,0,1,2,4,0,P
278,35,2,3,0,1,1,2,4,0,P
279,44,3,4,6,1,1,3,4,0,P
280,48,4,4,3,1,1,2,4,0,P
281,43,2,3,6,1,0,3,3,0,P
282,21,2,4,2,1,1,3,1,0,P
283,22,4,4,0,1,1,1,4,0,P
284,41,3,3,5,1,1,3,4,0,P
285,29,2,4,2,1,0,4,4,1,P
286,44,4,4,5,0,1,2,4,0,P
287,22,4,4,0,1,0,1,4,0,P
288,23,2,4,4,1,1,3,3,0,P
289,22,2,1,0,1,1,3,2,0,P
290,35,1,3,0,1,1,2,2,1,P
291,24,4,4,1,1,1,2,2,0,P
292,36,4,4,4,1,1,1,4,0,P
293,47,1,2,2,1,1,2,4,0,P
294,40,4,4,3,1,1,3,4,0,P
295,29,4,4,1,1,1,1,3,0,P
296,49,3,4,6,1,1,1,4,0,P
297,49,3,4,9,1,1,1,4,0,P
298,47,4,4,2,1,1,1,4,0,P
299,28,4,4,3,0,1,1,4,0,P
300,26,4,4,1,1,1,1,4,0,P
301,29,1,2,7,1,1,2,4,0,P
302,29,4,2,0,1,0,2,2,0,P
303,25,3,3,1,1,1,3,4,0,P
304,24,2,4,2,1,1,3,4,0,P
305,23,4,4,1,1,0,2,4,0,P
306,23,4,4,2,1,0,3,3,0,P
307,44,1,2,2,1,1,2,4,0,P
308,39,3,4,6,1,1,1,4,0,P
309,21,3,3,0,1,1,2,2,0,P
310,22,3,4,2,1,1,2,3,0,P
311,47,3,4,3,1,1,2,3,0,P
312,36,3,3,2,1,0,2,4,0,P
313,25,1,4,2,1,0,3,3,1,P
314,40,4,4,2,1,1,3,4,0,P
315,36,2,2,0,0,0,3,3,0,P
316,37,2,3,5,0,0,2,4,0,P
317,28,1,4,2,1,0,2,3,0,P
318,30,3,3,5,1,0,3,4,0,P
319,16,3,4,1,1,1,3,3,0,P
320,32,2,3,4,0,1,2,4,0,P
321,40,4,4,3,0,1,3,4,0,P
322,40,1,1,2,1,0,3,4,0,P
323,45,3,4,2,0,1,1,4,0,P
324,21,1,3,0,1,0,3,4,1,P
325,28,4,4,1,0,1,1,3,0,P
326,25,4,4,1,0,1,2,3,0,P
327,44,1,3,4,1,1,3,3,1,P
328,35,4,4,2,0,1,3,4,0,P
329,49,4,4,4,1,1,3,4,0,P
330,39,3,4,1,0,1,3,4,0,P
331,32,3,4,1,0,1,2,4,0,P
332,35,1,2,0,1,0,4,4,0,P
333,21,1,2,1,1,0,3,4,0,P
334,47,4,4,1,0,1,1,4,0,P
335,27,4,4,1,0,1,3,4,0,P
336,31,2,2,8,1,1,2,2,1,P
337,34,4,3,0,0,0,3,3,0,P
338,30,4,4,3,1,0,2,4,0,P
339,25,4,4,0,1,0,2,4,0,P
340,28,3,4,3,1,1,2,1,0,P
341,30,2,3,4,1,0,3,2,0,P
342,42,3,3,8,1,1,4,3,0,P
343,23,4,4,0,0,1,2,4,0,P
344,45,3,4,3,0,1,3,4,0,P
345,21,4,4,1,1,1,3,3,0,P
346,28,4,4,1,0,1,2,4,0,P
347,33,4,4,1,0,0,3,4,0,P
348,32,1,2,4,1,1,3,2,1,P
349,25,2,2,3,1,1,3,3,0,P
350,25,3,3,1,1,1,3,1,0,P
351,19,2,2,2,1,1,3,1,0,P
352,40,1,2,6,1,1,3,1,1,P
353,24,2,2,2,1,1,3,1,1,P
354,32,2,2,1,1,1,2,1,0,P
355,35,2,3,8,1,1,3,2,0,P
356,27,2,2,1,1,0,3,2,1,P
357,23,2,4,2,1,1,1,4,0,P
358,22,2,4,4,1,1,3,4,0,P
359,49,2,3,0,1,1,1,2,0,P
360,25,2,3,0,1,1,2,4,0,P
361,18,3,4,1,1,1,3,1,0,P
362,43,3,3,4,1,1,2,4,0,P
363,37,1,3,0,1,1,3,4,0,P
364,30,2,3,2,1,0,2,4,0,P
365,29,3,2,0,1,1,2,2,0,P
366,20,2,3,3,1,1,3,4,0,P
367,42,3,3,3,1,0,2,4,0,P
368,23,4,4,1,1,1,2,3,0,P
369,34,2,3,7,1,0,3,3,0,P
370,23,3,3,6,1,1,3,3,0,P
371,38,3,3,5,1,1,1,4,0,P
372,37,2,3,4,1,1,2,3,0,P
373,17,2,3,1,1,1,3,2,0,P
374,39,3,4,3,1,1,1,4,0,P
375,49,1,3,0,1,1,3,3,1,P
376,23,3,3,2,1,1,2,2,0,P
377,40,3,3,3,1,1,2,2,1,P
378,32,2,4,5,1,1,2,3,0,P
379,18,2,3,1,1,1,2,3,0,P
380,46,1,2,8,1,1,3,3,1,P
381,37,3,3,6,1,1,2,2,0,P
382,38,2,4,5,0,1,2,2,0,P
383,37,2,3,2,0,0,3,3,0,P
384,25,2,3,1,1,0,2,1,0,P
385,38,2,4,5,1,1,3,3,0,P
386,39,4,4,2,1,0,1,4,0,P
387,44,4,4,3,1,0,1,4,1,P
388,19,4,4,0,0,1,3,4,0,P
389,28,2,4,1,1,0,3,4,0,P
390,20,2,3,1,1,1,3,4,0,P
391,33,4,4,0,1,0,3,3,0,P
392,33,4,4,5,1,1,3,4,0,P
393,47,1,4,6,1,1,1,4,0,P
394,25,3,3,0,1,1,3,4,0,P
395,29,4,4,0,1,0,2,4,0,P
396,37,4,4,2,0,1,1,4,0,P
397,49,1,3,6,1,1,2,4,0,P
398,48,1,1,8,1,0,2,2,1,P
399,19,2,2,0,1,1,2,2,0,P
400,46,1,2,3,1,1,2,1,1,P
401,39,1,2,2,1,1,3,1,1,P
402,30,3,4,5,1,1,1,4,0,P
403,40,2,2,8,1,1,2,2,0,P
404,43,1,2,1,1,1,3,4,1,P
405,29,3,4,4,1,0,1,3,0,P
406,23,3,3,2,1,1,3,3,0,P
407,24,2,2,3,1,1,2,4,0,P
408,47,3,3,2,1,1,2,4,0,P
409,35,3,3,2,1,0,2,2,0,P
410,19,3,3,1,1,1,2,4,0,P
411,45,2,3,4,1,0,2,4,0,P
412,42,2,4,2,1,1,3,4,0,P
413,47,1,1,1,1,1,3,4,0,P
414,25,2,2,2,1,1,3,1,0,P
415,20,2,3,3,1,1,3,4,0,P
416,33,3,3,6,1,1,3,4,0,N
417,46,4,3,5,1,1,1,4,0,N
418,35,4,4,4,1,1,1,4,0,N
419,26,4,4,2,1,0,1,4,0,N
420,36,3,3,5,1,0,1,3,0,N
421,37,3,4,3,1,1,1,3,0,N
422,44,2,4,4,1,1,3,3,0,N
423,32,4,4,2,1,1,1,4,0,N
424,25,2,4,6,1,1,3,4,0,N
425,42,2,3,7,1,1,3,4,0,N
426,30,4,4,2,0,0,1,4,0,N
427,39,4,4,4,1,1,1,4,0,N
428,26,1,1,2,1,1,3,4,0,N
429,30,2,4,3,1,1,3,4,0,N
430,38,4,4,4,0,0,1,2,0,N
431,23,4,4,1,1,1,1,2,0,N
432,18,3,4,1,1,1,3,4,0,N
433,25,3,4,3,1,1,2,3,0,N
434,37,4,4,2,1,0,3,3,0,N
435,20,3,4,1,1,1,3,2,0,N
436,45,4,4,7,1,1,1,4,0,N
437,28,2,1,2,1,0,3,3,0,N
438,33,2,2,3,1,1,2,3,0,N
439,28,2,3,2,1,1,3,3,0,N
440,30,2,4,1,1,0,3,4,0,N
441,32,4,4,4,1,1,2,4,0,N
442,48,4,3,7,1,0,2,4,0,N
443,46,4,4,2,1,0,1,4,0,N
444,32,4,4,2,0,0,1,4,0,N
445,49,4,4,10,1,1,1,4,0,N
446,33,2,2,6,1,0,3,4,0,N
447,39,4,4,3,1,1,1,4,0,N
448,35,4,4,5,0,0,1,4,0,N
449,36,4,4,3,0,1,1,3,0,N
450,20,3,4,1,1,1,2,4,0,N
451,23,4,4,1,1,1,3,4,0,N
452,26,2,4,2,1,1,1,3,0,N
453,25,3,3,1,1,1,3,1,0,N
454,31,4,4,1,1,1,1,4,0,N
455,36,4,4,2,1,1,2,4,0,N
456,32,3,3,2,1,0,3,4,0,N
457,36,4,4,3,1,1,1,4,0,N
458,40,4,4,3,1,1,1,4,0,N
459,46,4,4,4,1,1,1,4,0,N
460,42,4,4,8,0,1,1,4,0,N
461,39,4,4,4,1,0,1,4,0,N
462,34,4,4,2,1,1,1,4,0,N
463,36,4,4,3,1,1,1,4,0,N
464,37,4,4,3,1,1,1,4,0,N
465,36,4,4,4,0,1,1,4,0,N
466,38,4,4,2,1,1,1,4,0,N
467,27,3,3,1,0,0,2,4,0,N
468,37,4,3,8,1,1,1,4,0,N
469,24,1,4,1,1,0,4,2,1,N
470,42,2,4,8,1,1,1,4,0,N
471,31,4,4,3,0,0,4,4,0,N
472,34,2,3,2,1,1,3,3,0,N
473,34,4,4,4,1,1,3,3,0,N
474,36,4,4,4,0,0,1,4,0,N
475,47,4,4,8,1,1,1,4,0,N
476,34,4,4,3,1,1,1,4,0,N
477,44,4,4,6,0,1,1,3,0,N
478,21,4,4,1,1,1,1,4,0,N
479,42,4,4,6,1,1,1,3,0,N
480,44,4,4,4,1,0,2,3,0,N
481,19,4,4,1,1,1,2,3,0,N
482,35,1,3,7,1,0,2,3,1,N
483,24,4,4,1,1,1,3,2,0,N
484,32,3,4,7,0,1,1,3,0,N
485,31,3,3,2,1,0,3,3,0,N
486,47,3,4,11,1,0,2,3,0,N
487,38,4,4,6,1,0,3,3,0,N
488,40,4,4,4,1,1,1,3,0,N
489,35,3,3,4,1,1,3,2,0,N
490,26,3,4,3,1,1,3,4,0,N
491,23,4,3,3,1,1,3,3,0,N
492,40,4,4,6,0,0,1,4,0,N
493,37,4,4,3,1,1,1,4,0,N
494,39,4,4,5,1,1,2,4,0,N
495,25,4,4,2,1,1,2,4,0,N
496,48,4,4,4,0,1,1,4,0,N
497,31,4,4,3,1,1,1,4,0,N
498,26,4,4,1,0,1,2,4,0,N
499,44,4,4,5,1,0,1,4,0,N
500,29,4,4,1,1,0,2,4,0,N
501,36,2,1,6,1,1,2,1,0,N
502,29,4,4,2,1,0,1,3,0,N
503,37,2,3,7,1,1,3,4,0,N
504,28,3,3,3,1,1,1,2,0,N
505,40,2,3,6,1,1,1,2,0,N
506,33,4,4,4,1,1,1,4,0,N
507,22,4,4,1,1,1,1,2,0,N
508,35,3,4,5,1,0,1,3,1,N
509,32,4,4,3,0,1,3,3,0,N
510,35,4,4,5,1,0,1,3,0,N
511,29,4,4,2,1,1,1,4,0,N
512,23,3,3,2,1,0,3,4,0,N
513,35,4,4,2,1,0,1,4,0,N
514,36,4,4,3,1,0,2,4,0,N
515,32,4,4,2,1,0,1,4,0,N
516,30,4,1,4,1,1,3,3,0,N
517,36,4,4,4,0,1,2,4,0,N
518,33,4,4,3,1,1,3,4,0,N
519,33,3,4,5,0,1,3,3,0,N
520,43,2,4,13,1,1,2,3,0,N
521,35,3,3,6,1,1,2,3,0,N
522,38,4,4,5,1,1,1,3,0,N
523,25,3,1,4,1,1,3,1,0,N
524,26,3,3,2,1,1,3,2,0,N
525,24,4,4,1,1,1,3,4,0,N
526,22,3,4,1,1,1,4,4,0,N
527,33,2,3,5,1,0,2,1,0,N
528,45,3,3,7,1,1,3,4,0,N
529,29,4,4,2,1,0,1,3,0,N
530,47,2,2,7,1,1,2,4,0,N
531,36,3,2,6,1,1,3,2,0,N
532,45,3,3,8,1,1,2,3,0,N
533,47,4,4,6,1,0,1,4,0,N
534,43,3,4,2,1,0,2,4,0,N
535,44,4,4,7,1,1,3,2,0,N
536,24,2,4,2,1,1,3,3,0,N
537,28,4,4,2,1,0,1,3,0,N
538,34,4,4,5,1,1,3,4,0,N
539,31,3,4,4,1,1,1,3,0,N
540,27,4,4,3,1,1,1,4,0,N
541,27,3,3,1,1,0,3,4,0,N
542,26,4,4,1,1,0,1,3,0,N
543,36,3,4,7,1,1,2,2,0,N
544,35,4,4,4,0,1,3,3,0,N
545,38,4,4,6,1,1,3,3,0,N
546,44,4,4,7,1,1,2,4,0,N
547,25,4,4,1,1,1,1,4,0,N
548,25,4,4,2,0,1,1,3,0,N
549,41,4,4,4,1,1,1,4,0,N
550,41,3,4,5,1,1,1,3,0,N
551,24,4,4,1,1,0,1,4,0,N
552,33,4,4,3,1,1,3,3,0,N
553,29,4,4,3,1,0,3,3,0,N
554,47,4,4,4,1,0,1,4,0,N
555,28,4,4,4,1,1,1,3,0,N
556,21,2,2,1,1,1,3,2,0,N
557,32,3,3,6,1,0,3,3,0,N
558,30,3,4,2,1,1,1,4,0,N
559,37,4,4,5,1,1,3,4,0,N
560,29,4,3,4,1,0,3,2,0,N
561,38,4,4,3,1,0,1,4,0,N
562,49,3,3,11,1,1,1,4,0,N
563,41,3,3,5,1,1,1,4,0,N
564,43,3,4,5,1,1,3,2,1,N
565,47,1,1,10,1,1,3,3,0,N
566,22,4,4,1,1,1,1,3,0,N
567,27,4,4,1,0,0,1,4,0,N
568,34,3,4,2,0,1,2,3,0,N
569,42,3,3,4,1,1,2,4,0,N
570,39,4,4,3,0,0,1,4,0,N
571,36,4,4,3,0,1,2,4,0,N
572,21,4,4,1,1,1,2,1,0,N
573,36,3,4,4,0,0,2,4,0,N
574,25,2,3,1,1,0,4,4,0,N
575,41,4,4,4,0,0,2,4,0,N
576,32,4,4,4,0,0,2,4,0,N
577,41,4,4,4,0,0,2,4,0,N
578,43,4,4,3,0,1,1,4,0,N
579,35,4,4,3,1,1,2,3,0,N
580,24,4,4,2,1,0,1,3,0,N
581,43,4,4,6,1,1,1,4,0,N
582,48,4,4,7,0,1,1,4,0,N
583,28,4,4,2,1,1,1,3,0,N
584,24,4,4,1,1,1,1,4,0,N
585,42,4,4,3,1,0,1,4,0,N
586,39,4,4,3,1,1,1,4,0,N
587,24,4,4,1,1,1,1,4,0,N
588,33,4,3,5,1,1,2,4,0,N
589,29,4,4,2,1,1,3,4,0,N
590,44,4,4,5,1,1,1,4,0,N
591,17,4,4,1,1,1,2,4,0,N
592,35,3,4,3,1,1,2,2,0,N
593,32,3,4,5,1,1,1,2,0,N
594,27,4,4,2,1,0,1,3,0,N
595,44,4,4,4,1,1,1,4,0,N
596,42,4,4,5,1,1,1,4,0,N
597,40,4,4,6,1,1,1,3,0,N
598,44,4,4,3,1,1,1,4,0,N
599,33,4,4,5,1,1,2,4,0,N
600,35,2,4,3,0,0,3,4,1,N
601,31,4,2,2,0,1,1,3,0,N
602,37,4,4,3,0,1,3,4,0,N
603,45,4,4,3,0,1,2,4,0,N
604,26,4,4,2,0,1,1,4,0,N
605,40,3,4,2,0,1,3,4,0,N
606,30,4,4,1,0,1,2,4,0,N
607,36,3,4,3,0,0,3,4,0,N
608,33,3,4,3,0,1,2,4,0,N
609,41,4,4,5,0,1,2,4,0,N
610,45,3,3,6,0,1,2,4,0,N
611,48,4,4,6,0,1,2,4,0,N
612,35,4,4,3,0,0,3,4,0,N
613,37,4,4,4,0,0,2,4,0,N
614,46,4,4,3,0,0,1,4,0,N
615,38,4,4,4,0,1,3,4,0,N
616,30,3,4,7,1,1,2,4,0,N
617,42,4,3,7,1,0,1,4,0,N
618,35,2,2,6,1,1,3,4,0,N
619,34,4,4,6,1,1,3,4,0,N
620,37,4,4,4,1,1,1,4,0,N
621,38,4,4,6,1,1,1,4,0,N
622,30,3,3,2,1,1,2,3,0,N
623,46,4,4,4,1,1,1,4,0,N
624,31,4,4,3,0,1,2,4,0,N
625,41,4,4,6,0,1,1,4,0,N
626,41,4,4,7,1,1,2,4,0,N
627,32,4,4,2,0,0,2,4,0,N
628,44,4,4,4,1,1,1,4,0,N
629,39,4,4,4,0,1,1,4,0,N
630,39,4,4,5,1,1,1,4,0,N
631,45,4,4,4,1,1,1,4,0,N
632,33,4,4,3,1,1,1,4,0,N
633,39,4,4,3,0,1,1,4,0,N
634,44,4,4,3,1,0,1,4,0,N
635,34,3,3,6,1,1,3,4,0,N
636,33,3,3,5,1,1,3,4,0,N
637,34,2,2,8,1,1,2,2,0,N
638,27,3,2,5,1,1,2,4,0,N
639,47,1,1,8,1,1,3,4,1,N
640,25,2,4,3,1,1,1,4,1,N
641,24,3,4,5,1,1,1,2,1,N
642,41,4,4,4,1,0,1,4,0,N
643,29,3,3,4,1,1,3,4,0,N
644,27,2,2,5,1,1,3,1,0,N
645,40,3,4,5,1,1,1,2,0,N
646,30,2,2,6,1,1,3,1,0,N
647,24,4,4,1,1,0,1,4,0,N
648,36,4,4,2,1,0,1,4,0,N
649,17,2,2,1,1,1,3,2,0,N
650,28,1,2,4,1,1,2,3,0,N
651,27,2,4,1,1,1,1,4,0,N
652,21,3,3,1,1,1,3,3,0,N
653,30,2,2,4,1,1,2,4,0,N
654,48,4,4,16,1,1,1,4,0,N
655,29,2,4,3,1,0,3,3,0,N
656,29,4,4,2,1,1,3,4,0,N
657,20,3,4,2,1,1,1,3,0,N
658,28,4,4,1,1,1,3,2,0,N
659,32,2,3,5,1,0,2,3,0,N
660,27,3,3,1,1,0,3,3,0,N
661,25,2,3,1,1,1,3,1,0,N
662,43,4,4,3,1,1,1,4,0,N
663,35,4,4,2,1,1,2,4,0,N
664,30,4,4,1,1,1,1,4,0,N
665,29,1,4,3,1,1,4,4,1,N
666,33,3,4,8,1,1,3,4,0,N
667,37,3,4,5,1,0,2,4,0,N
668,27,2,4,3,1,1,4,4,0,N
669,33,2,4,3,1,1,2,4,0,N
670,35,2,3,6,1,0,3,3,0,N
671,20,3,3,2,1,1,2,4,0,N
672,26,2,4,3,1,1,3,4,0,N
673,24,3,3,2,1,1,3,3,0,N
674,45,1,3,3,1,1,3,2,0,N
675,34,3,4,4,1,1,1,3,0,N
676,49,4,3,13,1,1,1,4,0,N
677,33,4,4,5,1,1,1,4,0,N
678,33,3,3,8,1,1,3,4,0,N
679,24,3,4,3,1,1,1,4,0,N
680,30,2,2,4,1,1,2,1,0,N
681,27,2,4,4,1,1,2,1,0,N
682,23,4,3,1,1,1,2,2,0,N
683,35,4,4,4,1,1,1,4,0,N
684,35,4,4,1,0,1,1,4,0,N
685,40,4,4,2,0,0,1,4,0,N
686,29,3,3,1,1,1,3,3,0,N
687,33,3,3,3,1,1,3,3,0,N
688,36,4,4,6,0,1,1,2,1,N
689,36,4,4,4,0,1,1,4,0,N
690,41,4,4,1,1,1,3,3,0,N
691,38,3,4,3,1,1,3,2,0,N
692,29,2,4,3,1,1,3,3,0,N
693,19,4,4,1,1,1,1,3,0,N
694,34,2,3,2,1,1,2,3,0,N
695,26,2,4,3,1,1,3,4,0,N
696,22,4,4,1,1,1,2,3,0,N
697,42,4,4,7,1,1,2,4,0,N
698,27,3,4,2,1,1,3,2,0,N
699,27,4,4,2,1,1,1,4,0,N
700,39,4,3,1,1,0,2,2,0,N
701,21,4,4,1,1,1,3,1,0,N
702,36,2,3,7,1,1,3,3,0,N
703,29,1,2,5,1,0,1,2,0,N
704,29,2,3,4,1,1,2,1,0,N
705,22,3,2,2,1,1,2,1,0,N
706,20,2,3,1,1,1,2,1,0,N
707,33,3,4,4,1,0,2,4,0,N
708,27,3,3,3,1,1,2,3,0,N
709,25,4,4,3,1,1,1,4,0,N
710,25,4,3,2,1,1,3,3,0,N
711,32,2,3,4,1,1,3,2,0,N
712,39,3,4,2,1,1,1,3,0,N
713,31,3,3,3,1,1,2,1,1,N
714,26,4,4,4,1,1,3,4,0,N
715,30,3,3,7,1,1,3,4,0,N
716,43,3,3,5,1,0,3,3,0,N
717,34,2,4,4,1,1,3,3,0,N
718,43,4,4,3,1,1,1,4,0,N
719,32,4,4,3,0,1,1,4,0,N
720,41,4,4,5,1,1,1,4,0,N
721,32,4,4,3,0,1,1,4,0,N
722,46,4,4,4,1,1,1,4,0,N
723,40,3,4,3,1,0,1,4,0,N
724,21,4,4,1,1,1,2,3,0,N
725,32,4,4,3,1,1,1,4,0,N
726,25,4,4,1,0,1,3,3,0,N
727,24,4,4,1,1,1,1,3,0,N
728,21,2,3,1,1,0,3,2,0,N
729,22,4,4,1,1,1,3,3,0,N
730,32,4,4,4,1,1,1,3,0,N
731,30,4,4,2,1,0,2,2,0,N
732,25,1,2,2,1,1,2,1,0,N
733,31,3,3,6,0,1,3,1,0,N
734,19,2,4,1,1,1,2,3,0,N
735,33,2,2,7,1,0,2,3,0,N
736,24,2,2,2,1,1,3,4,0,N
737,19,3,3,3,1,1,2,3,0,N
738,27,2,2,5,1,1,3,3,0,N
739,32,4,4,2,0,0,1,4,0,N
740,32,4,4,2,1,0,1,3,0,N
741,29,1,3,5,1,1,3,3,0,N
742,23,3,4,1,1,1,2,3,0,N
743,34,2,4,7,1,1,2,3,0,N
744,27,2,4,1,1,1,3,3,0,N
745,37,4,4,4,1,1,3,2,0,N
746,26,3,4,4,1,1,2,3,0,N
747,31,2,3,7,1,1,3,3,0,N
748,44,4,4,11,1,1,1,4,0,N
749,35,3,4,4,1,1,1,4,0,N
750,23,4,4,2,1,1,3,4,0,N
751,24,2,4,2,1,1,1,4,0,N
752,24,4,4,2,1,1,1,4,0,N
753,39,4,4,3,1,1,2,4,0,N
754,33,3,4,4,1,1,3,3,0,N
755,24,2,3,2,1,1,2,1,0,N
756,35,4,4,4,1,1,1,4,0,N
757,35,4,4,6,1,1,1,4,0,N
758,34,4,4,2,1,1,3,3,0,N
759,48,3,4,3,1,1,2,3,0,N
760,28,4,4,1,1,1,1,3,0,N
761,26,4,4,1,1,1,3,3,0,N
762,43,3,3,8,1,1,1,3,0,N
763,28,2,2,5,1,0,2,4,0,N
764,22,3,4,3,1,1,2,3,0,N
765,26,3,3,3,1,1,3,3,0,N
766,30,3,4,4,1,1,3,3,0,N
767,38,4,4,5,1,1,2,3,0,N
768,44,4,4,8,1,1,2,4,0,N
769,25,4,4,1,0,1,1,4,0,N
770,34,4,4,3,1,1,1,4,0,N
771,26,4,4,3,1,1,3,4,0,N
772,20,4,4,2,1,1,1,3,0,N
773,39,4,4,2,0,1,1,3,0,N
774,27,3,4,4,1,1,3,3,0,N
775,32,4,4,2,1,0,3,4,0,N
776,48,3,4,8,1,0,1,4,0,N
777,39,4,3,4,1,1,3,4,0,N
778,37,4,4,3,1,0,1,4,0,N
779,33,4,4,2,0,0,1,3,0,N
780,32,4,4,3,1,0,1,4,0,N
781,25,4,4,2,1,1,1,3,0,N
782,37,4,4,3,1,1,2,4,0,N
783,40,4,4,4,1,1,1,4,0,N
784,38,4,4,6,1,1,2,4,0,N
785,36,4,4,4,1,1,1,4,0,N
786,27,3,3,3,1,1,2,2,0,N
787,22,1,3,2,1,1,3,1,0,N
788,22,2,2,2,1,1,2,3,0,N
789,30,3,4,3,1,1,2,3,0,N
790,20,2,2,2,1,1,3,2,1,N
791,34,4,4,2,1,1,1,4,0,N
792,31,3,4,5,1,1,3,1,0,N
793,30,3,3,3,1,0,3,2,0,N
794,44,3,4,5,1,0,1,4,0,N
795,24,3,3,3,1,0,2,1,0,N
796,19,4,4,2,1,1,1,4,0,N
797,28,4,4,5,1,1,2,4,0,N
798,27,4,4,1,0,0,1,3,0,N
799,29,3,3,3,1,1,2,1,0,N
800,37,4,4,3,1,1,2,4,0,N
801,32,2,2,8,1,1,2,1,0,N
802,21,2,2,1,1,1,4,3,0,N
803,33,2,3,7,1,0,3,1,0,N
804,23,2,3,2,1,1,3,1,0,N
805,36,2,2,5,1,1,3,4,0,N
806,33,2,4,3,1,1,3,4,0,N
807,35,4,4,2,1,0,1,4,0,N
808,25,2,3,4,1,1,3,3,0,N
809,29,2,4,4,1,0,2,4,0,N
810,23,3,3,1,1,1,2,2,0,N
811,19,3,3,1,1,1,2,1,0,N
812,35,1,2,6,1,1,2,2,1,N
813,25,3,3,3,1,1,3,2,0,N
814,40,3,4,6,1,1,1,3,0,N
815,17,3,4,1,1,1,2,1,0,N
816,25,2,4,3,1,1,3,3,0,N
817,24,3,3,1,1,1,3,2,0,N
818,23,4,4,1,1,1,3,3,0,N
819,25,2,4,3,1,1,3,2,0,N
820,30,1,3,4,1,1,3,4,0,N
821,31,1,1,3,1,1,4,2,1,N
822,26,3,4,2,1,1,3,3,0,N
823,28,3,4,2,1,1,2,3,0,N
824,30,3,3,3,1,1,3,1,0,N
825,29,3,4,5,1,1,1,2,0,N
826,24,1,3,4,1,1,3,3,0,N
827,26,3,4,2,1,1,1,3,0,N
828,25,3,3,3,1,1,3,3,0,N
829,35,4,4,3,1,1,1,4,0,N
830,22,4,4,1,1,0,2,4,0,N
831,19,4,4,1,1,1,2,4,0,N
832,29,2,3,5,1,1,2,4,0,N
833,21,3,4,2,1,1,3,3,0,N
834,21,3,3,1,1,1,3,3,0,N
835,41,1,4,9,1,1,2,1,0,N
836,37,2,4,3,1,1,2,3,0,N
837,27,4,4,3,1,1,3,4,1,N
838,26,2,3,2,1,1,2,3,0,N
839,37,4,4,6,1,0,3,4,0,N
840,25,3,3,3,1,1,2,1,0,N
841,32,4,3,3,1,1,2,4,0,N
842,34,1,4,4,1,1,3,4,1,N
843,23,4,4,2,1,0,2,4,0,N
844,28,3,4,2,1,1,3,4,0,N
845,24,3,4,1,1,1,3,4,0,N
846,32,2,3,4,1,0,2,2,0,N
847,22,1,2,3,1,1,3,1,1,N
848,25,3,3,1,1,1,2,1,0,N
849,25,2,3,2,1,1,2,4,0,N
850,38,2,3,3,1,1,2,4,0,N
851,33,2,2,2,1,1,3,4,0,N
852,41,4,4,8,1,1,1,4,0,N
853,29,3,3,4,1,1,3,4,0,N
854,22,3,4,1,1,0,1,4,0,N
855,29,3,3,6,1,1,3,3,0,N
856,26,3,4,3,1,1,3,3,0,N
857,28,2,3,3,1,1,3,4,0,N
858,27,4,4,1,0,1,3,4,0,N
859,29,2,4,2,1,1,3,2,0,N
860,24,3,4,2,1,1,3,3,0,N
861,29,3,4,3,1,1,3,2,0,N
862,38,3,4,7,1,1,3,2,0,N
863,23,3,2,2,1,0,3,2,0,N
864,20,4,3,1,1,1,3,4,0,N
865,32,1,4,4,1,1,3,2,0,N
866,25,2,3,2,1,1,3,1,0,N
867,26,1,2,3,1,0,3,2,0,N
868,23,1,2,3,1,1,3,2,1,N
869,23,4,4,3,1,1,3,3,0,N
870,28,3,4,5,1,1,2,4,0,N
871,22,4,4,3,1,1,3,2,0,N
872,28,2,4,4,1,1,3,4,0,N
873,26,3,3,3,1,1,3,3,0,N
874,26,2,3,2,1,1,3,3,0,N
875,24,4,3,3,1,1,3,3,0,N
876,29,4,4,3,1,0,1,4,0,N
877,29,3,4,4,1,0,1,3,0,N
878,42,4,4,5,1,1,1,4,0,N
879,27,4,4,2,1,1,3,4,0,N
880,35,3,4,5,1,1,1,4,0,N
881,21,3,4,1,1,1,3,2,0,N
882,21,1,3,1,1,1,3,3,1,N
883,22,3,4,1,1,1,3,3,0,N
884,28,3,3,4,1,1,3,3,0,N
885,22,3,4,1,0,0,1,4,0,N
886,23,3,2,1,1,1,3,3,0,N
887,28,3,3,2,0,1,2,3,0,N
888,30,4,4,3,0,0,2,4,0,N
889,25,3,4,3,1,0,3,4,0,N
890,33,4,4,4,1,1,2,3,0,N
891,33,3,4,6,1,1,3,2,0,N
892,30,4,4,2,0,0,3,3,0,N
893,22,2,4,1,1,1,3,3,0,N
894,38,3,3,2,0,1,3,4,0,N
895,35,4,3,2,0,1,3,4,0,N
896,34,2,2,4,0,1,3,2,0,N
897,39,4,4,2,0,1,3,4,0,N
898,47,4,3,4,1,1,1,3,0,N
899,38,4,4,2,1,0,1,4,0,N
900,43,4,4,5,1,1,1,4,0,N
901,21,3,3,1,1,1,2,2,0,N
902,30,3,4,2,1,1,1,2,0,N
903,27,3,4,2,1,1,1,3,0,N
904,22,4,4,1,0,1,3,1,0,N
905,25,1,2,3,1,1,2,3,0,N
906,22,1,3,2,1,1,3,2,0,N
907,28,4,4,4,1,1,2,3,0,N
908,25,3,3,2,1,1,2,3,0,N
909,26,4,4,2,1,0,3,3,0,N
910,31,3,3,3,1,1,3,1,1,N
911,32,1,3,4,1,1,3,3,0,N
912,35,2,4,6,1,1,3,4,0,N
913,24,2,3,5,1,1,3,3,0,N
914,28,4,4,2,1,1,1,4,0,N
915,36,4,4,3,0,0,2,4,0,N
916,47,4,4,5,1,1,1,3,0,N
917,26,4,4,2,1,0,1,4,0,N
918,22,3,4,2,0,1,3,4,0,N
919,30,4,4,2,1,1,4,3,0,N
920,41,4,4,5,1,1,1,4,0,N
921,19,4,4,1,1,1,3,2,0,N
922,45,3,4,2,0,1,3,3,0,N
923,35,1,2,5,1,1,2,2,1,N
924,21,2,2,1,1,1,3,2,0,N
925,32,1,2,6,0,1,2,3,0,N
926,32,3,4,5,0,1,3,4,0,N
927,46,2,3,6,0,0,3,4,0,N
928,41,1,2,6,1,1,3,3,0,N
929,36,4,4,3,0,1,3,4,0,N
930,37,3,4,3,0,1,3,4,0,N
931,37,3,4,4,0,1,2,4,0,N
932,35,4,4,3,0,1,3,4,0,N
933,29,2,3,4,1,1,3,2,0,N
934,28,4,4,2,0,1,2,4,0,N
935,46,4,4,4,0,1,1,4,0,N
936,34,4,3,3,0,1,2,4,0,N
937,43,3,3,2,0,0,3,4,0,N
938,28,4,4,3,0,0,3,4,0,N
939,28,3,3,3,1,0,2,4,0,N
940,34,4,4,6,1,1,2,2,0,N
941,27,2,4,4,1,1,3,4,0,N
942,36,1,3,6,1,1,3,2,0,N
943,17,2,2,0,1,0,3,2,0,N
944,21,3,3,1,1,1,3,2,0,N
945,25,2,2,1,1,1,3,1,0,N
946,23,2,3,2,1,0,3,2,0,N
947,25,2,2,1,1,1,3,3,0,N
948,35,1,2,4,1,0,4,4,0,N
949,32,3,4,4,1,1,3,2,0,N
950,37,2,3,5,1,1,4,2,0,N
951,31,3,4,4,1,0,3,3,0,N
952,25,3,4,3,1,1,3,4,0,N
953,26,3,4,4,1,1,2,4,0,N
954,39,1,2,2,1,0,2,4,0,N
955,21,3,3,2,1,1,2,3,0,N
956,35,3,2,9,1,0,3,4,0,N
957,20,2,2,1,1,1,3,2,0,N
958,40,2,3,5,1,1,3,3,0,N
959,41,3,3,7,0,1,2,4,0,N
960,36,2,4,8,1,1,1,4,0,N
961,40,2,4,3,0,1,3,4,0,N
962,32,4,4,3,1,0,1,4,0,N
963,24,3,4,4,1,1,2,3,0,N
964,20,3,4,1,0,1,2,4,0,N
965,32,4,4,4,1,0,1,4,0,N
966,22,2,2,3,1,0,3,3,0,N
967,30,3,3,4,1,0,2,2,0,N
968,31,4,4,3,1,0,1,4,0,N
969,35,3,4,5,1,1,1,4,0,N
970,38,4,4,2,1,1,3,4,0,N
971,31,4,4,1,1,1,1,4,0,N
972,25,4,4,2,1,1,2,4,0,N
973,30,4,4,2,1,1,1,4,0,N
974,22,1,2,2,1,1,3,4,0,N
975,31,4,4,3,1,1,1,4,0,N
976,29,4,4,3,1,1,3,4,0,N
977,29,2,3,3,1,0,3,2,0,N
978,38,4,4,3,0,0,3,3,1,N
979,22,3,4,2,1,1,2,4,0,N
980,45,4,4,3,1,1,1,4,0,N
981,26,3,4,3,1,1,3,2,0,N
982,37,4,4,3,0,1,3,4,0,N
983,36,4,4,3,0,1,2,4,0,N
984,33,4,4,2,1,1,2,4,0,N
985,32,4,4,3,1,0,1,4,0,N
986,35,4,4,4,0,0,1,4,0,N
987,25,4,4,1,1,1,1,4,0,N
988,31,4,4,3,1,1,4,4,0,N
989,25,2,3,5,1,1,2,3,0,N
990,26,3,2,5,1,1,2,2,0,N
991,23,2,3,3,1,1,2,3,0,N
992,28,3,4,3,1,1,1,4,0,N
993,34,3,4,3,0,0,3,4,0,N
994,46,3,4,9,1,1,3,4,0,N
995,25,4,4,1,1,1,1,4,0,N
996,21,2,1,3,1,0,3,1,1,N
997,25,2,3,4,1,0,3,2,0,N
998,28,2,3,6,1,1,2,4,0,N
999,36,2,4,11,1,1,1,4,1,N
1000,46,1,2,9,1,0,3,4,1,N
1001,35,2,2,6,1,0,3,1,1,P
1002,41,3,2,11,1,1,2,3,0,P
1003,27,2,4,1,1,0,1,1,0,P
1004,25,4,4,0,1,0,3,4,0,P
1005,23,2,2,2,1,1,3,3,0,P
1006,48,1,1,1,1,0,3,3,1,P
1007,23,4,4,0,1,0,1,4,0,P
1008,31,3,4,2,1,1,3,3,0,P
1009,49,4,4,1,1,1,3,4,0,P
1010,42,2,3,2,1,1,1,4,0,P
1011,26,2,4,3,1,1,3,4,0,P
1012,21,2,2,1,1,1,3,2,0,P
1013,29,3,4,4,1,1,1,4,0,P
1014,38,1,2,12,1,1,2,3,0,P
1015,25,4,4,2,1,1,3,2,0,P
1016,22,4,4,0,1,1,3,2,0,P
1017,20,3,4,0,1,1,3,3,0,P
1018,35,4,4,1,1,1,1,3,0,P
1019,32,2,3,1,1,1,3,3,0,P
1020,38,2,4,3,1,1,1,3,0,P
1021,27,1,2,4,1,1,1,4,1,P
1022,41,2,4,1,1,1,2,3,0,P
1023,28,3,4,0,1,0,1,3,0,P
1024,23,4,4,1,1,0,3,3,0,P
1025,27,4,4,1,0,0,2,4,0,P
1026,33,4,4,2,0,1,1,4,0,P
1027,39,2,2,5,1,0,3,2,1,P
1028,41,2,2,5,0,1,2,2,0,P
1029,40,2,2,8,1,1,1,3,0,P
1030,43,3,4,10,1,1,3,3,0,P
1031,35,3,4,6,1,0,2,2,0,P
1032,32,3,4,0,1,1,3,4,0,P
1033,49,2,3,4,1,1,2,3,0,P
1034,47,2,2,4,1,1,3,1,0,P
1035,42,4,4,1,1,1,2,4,0,P
1036,48,4,4,4,0,1,1,4,0,P
1037,42,4,4,3,1,1,1,4,0,P
1038,37,4,4,2,1,1,1,4,0,P
1039,23,3,3,1,1,0,2,4,0,P
1040,24,3,4,0,1,0,2,3,0,P
1041,43,2,3,3,0,1,2,3,0,P
1042,24,3,3,2,1,0,3,2,0,P
1043,29,2,4,0,1,0,3,4,0,P
1044,45,1,1,0,0,0,2,1,0,P
1045,31,4,4,3,1,0,2,3,0,P
1046,44,1,4,9,1,1,1,2,0,P
1047,28,2,3,1,1,1,3,1,0,P
1048,28,3,4,1,0,1,2,2,0,P
1049,33,1,2,0,1,0,3,3,0,P
1050,43,4,4,6,1,1,1,3,0,P
1051,34,3,4,4,1,1,1,3,0,P
1052,36,1,4,2,1,1,2,2,0,P
1053,22,4,4,0,1,0,2,4,0,P
1054,35,2,3,8,1,1,3,3,1,P
1055,25,4,4,1,1,1,1,4,0,P
1056,43,1,2,8,1,1,2,2,1,P
1057,46,1,4,8,1,1,1,4,1,P
1058,27,3,4,2,1,1,1,3,0,P
1059,30,1,1,7,1,1,2,3,0,P
1060,25,4,4,1,1,1,3,4,0,P
1061,42,4,4,1,1,0,1,4,0,P
1062,30,1,3,1,1,1,3,4,0,P
1063,27,3,3,4,1,1,2,4,0,P
1064,45,2,3,11,1,1,2,3,0,P
1065,29,3,4,2,1,1,1,3,0,P
1066,36,1,4,1,1,1,3,3,0,P
1067,49,1,2,8,1,1,3,1,1,P
1068,47,1,4,7,1,1,2,3,0,P
1069,30,4,4,4,1,1,2,4,0,P
1070,24,2,3,2,1,1,3,1,0,P
1071,48,1,1,6,1,1,2,3,1,P
1072,47,1,2,2,1,1,2,3,1,P
1073,24,3,4,1,1,0,3,3,0,P
1074,48,3,4,5,1,1,2,3,0,P
1075,38,1,2,8,1,1,3,3,1,P
1076,45,3,4,0,1,1,1,3,0,P
1077,43,4,4,3,0,1,2,4,0,P
1078,33,1,1,5,1,1,3,1,1,P
1079,37,3,4,7,1,1,3,4,0,P
1080,36,2,1,6,1,1,2,3,0,P
1081,25,3,4,3,1,1,1,1,0,P
1082,49,4,4,6,0,0,1,4,0,P
1083,30,4,4,1,1,0,1,4,0,P
1084,35,4,4,5,1,1,1,4,0,P
1085,28,2,4,0,1,1,3,1,0,P
1086,30,4,2,0,1,0,3,3,0,P
1087,27,4,4,2,1,0,1,4,0,P
1088,45,2,4,8,1,1,2,3,0,P
1089,46,3,1,5,1,1,3,2,0,P
1090,28,1,4,0,1,0,4,1,0,P
1091,21,2,4,0,1,1,2,2,0,P
1092,20,3,4,2,1,1,3,3,0,P
1093,28,3,3,5,1,1,3,3,0,P
1094,25,3,3,1,1,1,2,2,0,P
1095,38,1,2,6,1,1,2,1,1,P
1096,20,3,4,1,1,1,3,2,0,P
1097,24,3,4,2,1,1,2,4,0,P
1098,39,3,1,1,1,1,2,3,0,P
1099,25,1,3,1,1,1,4,2,0,P
1100,23,3,4,4,1,1,3,1,1,P
1101,24,4,4,1,1,0,1,3,0,P
1102,26,4,4,3,1,1,1,4,0,P
1103,20,3,4,2,1,1,3,2,0,P
1104,31,3,3,1,1,0,3,4,0,P
1105,22,4,4,0,1,1,2,1,1,P
1106,36,2,3,6,1,1,2,3,0,P
1107,45,3,4,0,1,1,1,3,0,P
1108,47,2,2,7,1,1,2,2,0,P
1109,30,2,3,1,1,1,2,1,0,P
1110,35,4,4,3,1,1,1,4,0,P
1111,34,2,2,9,1,0,2,3,0,P
1112,28,4,4,1,1,0,1,3,0,P
1113,18,3,4,1,1,1,3,3,0,P
1114,25,2,3,2,1,1,3,2,0,P
1115,27,3,4,0,1,0,3,3,0,P
1116,21,4,4,1,1,1,3,4,0,P
1117,19,4,4,1,1,1,1,3,0,P
1118,26,4,4,0,1,1,3,4,0,P
1119,28,4,4,5,1,1,1,4,0,P
1120,38,1,3,4,1,0,2,2,0,P
1121,39,2,3,10,1,1,3,4,0,P
1122,45,2,3,6,1,1,3,2,1,P
1123,30,3,4,4,0,1,2,3,0,P
1124,47,2,4,2,1,1,3,2,1,P
1125,38,2,2,6,1,1,3,4,0,P
1126,42,3,3,5,1,1,2,2,0,P
1127,31,4,4,2,1,1,1,2,0,P
1128,44,1,2,2,1,1,3,1,0,P
1129,42,4,4,3,1,0,1,4,0,P
1130,28,4,4,2,1,1,1,3,0,P
1131,34,2,4,6,1,0,3,4,0,P
1132,45,1,3,7,1,0,1,3,0,P
1133,43,4,4,5,1,1,1,3,0,P
1134,28,3,4,0,1,0,3,4,0,P
1135,27,3,4,0,1,1,3,3,0,P
1136,26,2,3,1,1,0,4,4,0,P
1137,26,3,4,1,0,1,2,2,0,P
1138,37,3,4,4,1,0,2,4,0,P
1139,48,3,4,11,1,1,1,4,0,P
1140,47,2,3,12,1,1,3,1,0,P
1141,22,2,4,1,1,1,3,4,0,P
1142,48,4,4,1,0,1,1,4,0,P
1143,42,1,3,12,1,1,2,4,0,P
1144,32,4,4,3,1,1,1,4,0,P
1145,33,4,4,3,0,0,1,3,0,P
1146,45,4,4,1,1,0,1,4,0,P
1147,26,2,3,1,1,0,3,4,1,P
1148,45,4,4,1,1,1,1,4,0,P
1149,25,3,3,1,1,0,2,4,0,P
1150,36,4,3,3,1,0,3,2,0,P
1151,31,3,3,2,1,0,3,3,0,P
1152,22,3,4,2,1,1,3,3,0,P
1153,46,4,4,10,1,1,1,3,0,P
1154,26,2,3,3,1,1,3,4,0,P
1155,25,3,2,1,1,0,3,3,0,P
1156,20,4,4,0,0,0,2,4,0,P
1157,31,3,4,3,0,0,2,4,0,P
1158,36,3,3,3,0,0,2,3,1,P
1159,47,3,2,5,1,1,4,4,0,P
1160,43,3,4,2,0,1,3,4,0,P
1161,20,3,4,0,1,1,3,3,0,P
1162,24,4,4,4,1,1,1,4,0,P
1163,33,2,2,3,0,0,2,4,0,P
1164,41,3,4,3,0,1,2,4,0,P
1165,48,3,4,4,0,1,2,4,0,P
1166,32,4,4,1,0,1,1,4,0,P
1167,38,3,3,4,0,0,3,2,1,P
1168,48,3,4,8,1,1,3,3,0,P
1169,34,1,3,4,1,0,3,4,0,P
1170,31,1,1,6,1,1,3,2,0,P
1171,46,1,2,7,1,1,3,1,1,P
1172,45,2,2,7,1,1,3,1,1,P
1173,34,3,4,4,0,1,3,1,1,P
1174,16,2,4,1,1,1,3,4,0,P
1175,18,3,2,1,1,1,3,1,0,P
1176,22,2,2,1,1,1,3,1,1,P
1177,32,2,2,2,1,1,2,4,0,P
1178,41,1,3,3,1,0,2,4,0,P
1179,22,3,3,2,1,1,2,4,0,P
1180,23,3,2,0,1,1,2,2,0,P
1181,22,3,4,0,1,0,3,4,0,P
1182,40,2,2,6,1,1,2,2,1,P
1183,29,3,4,1,0,1,2,3,0,P
1184,42,4,4,0,0,0,3,4,0,P
1185,29,3,4,2,1,1,3,4,0,P
1186,31,3,2,1,1,1,3,4,0,P
1187,28,4,4,3,0,0,1,4,0,P
1188,21,2,3,0,1,1,3,4,0,P
1189,26,4,4,2,1,1,1,3,0,P
1190,37,3,4,0,1,1,3,4,0,P
1191,24,3,4,2,1,1,2,2,0,P
1192,25,4,4,0,0,1,2,4,0,P
1193,22,2,1,0,1,1,2,2,0,P
1194,45,4,4,1,1,1,1,4,0,P
1195,47,4,4,1,1,1,1,4,0,P
1196,28,4,4,5,1,0,3,4,0,P
1197,24,2,2,4,1,1,3,4,0,P
1198,34,3,3,6,1,1,2,3,0,P
1199,47,2,3,5,1,1,1,1,0,P
1200,31,3,4,2,1,1,1,4,0,P
1201,26,1,3,1,1,1,3,1,0,P
1202,25,4,4,3,1,1,1,2,0,P
1203,47,1,1,4,1,1,2,2,0,P
1204,48,1,1,8,1,1,1,1,1,P
1205,38,2,2,10,1,1,3,2,0,P
1206,32,1,3,4,1,1,2,2,1,P
1207,47,1,2,2,1,1,2,4,0,P
1208,27,4,4,3,1,1,1,4,0,P
1209,40,1,1,0,1,1,3,2,0,P
1210,46,4,4,6,1,1,1,4,0,P
1211,33,3,3,3,1,1,3,4,0,P
1212,49,1,2,5,1,0,2,2,1,P
1213,21,2,4,3,1,1,3,2,0,P
1214,31,4,4,0,0,0,2,4,0,P
1215,42,4,4,4,1,1,3,4,0,N
1216,35,4,4,3,1,1,1,4,0,N
1217,31,4,4,4,1,1,3,3,0,N
1218,42,4,4,6,1,1,1,3,0,N
1219,49,3,4,4,1,1,3,4,0,N
1220,21,4,4,1,1,1,1,3,0,N
1221,28,3,4,3,1,1,1,4,0,N
1222,22,4,4,1,1,1,1,3,0,N
1223,36,4,4,3,1,0,1,4,0,N
1224,45,2,2,9,1,1,3,3,0,N
1225,40,4,4,4,1,1,1,4,0,N
1226,30,2,2,7,1,1,3,4,0,N
1227,35,4,4,5,1,0,1,4,0,N
1228,26,2,4,2,1,1,1,4,0,N
1229,45,4,4,3,1,1,1,4,0,N
1230,27,3,3,2,1,1,3,4,0,N
1231,32,4,4,4,1,1,1,2,0,N
1232,27,4,4,3,1,1,1,3,0,N
1233,28,4,4,2,0,1,1,4,0,N
1234,30,4,4,3,1,1,2,1,0,N
1235,34,4,4,4,1,1,2,4,0,N
1236,26,3,4,3,1,1,2,3,0,N
1237,44,1,4,2,1,1,1,3,0,N
1238,29,4,4,3,1,1,1,4,0,N
1239,26,3,4,2,1,1,3,3,0,N
1240,41,4,4,8,1,1,1,4,0,N
1241,32,3,3,4,1,0,3,3,0,N
1242,23,3,1,1,1,0,3,3,0,N
1243,38,2,3,4,1,1,1,2,0,N
1244,22,4,4,1,1,0,2,2,0,N
1245,34,3,4,3,0,1,1,4,0,N
1246,38,3,4,7,0,1,2,3,0,N
1247,21,4,4,1,1,1,1,4,0,N
1248,43,1,3,4,1,1,1,4,0,N
1249,44,3,3,9,1,1,1,1,0,N
1250,24,4,4,1,1,1,2,4,0,N
1251,27,4,4,1,1,0,3,3,0,N
1252,34,3,4,4,1,1,3,3,0,N
1253,29,3,4,2,1,1,1,4,0,N
1254,26,4,4,1,1,0,2,3,0,N
1255,37,4,4,7,1,1,1,4,0,N
1256,21,3,4,3,1,1,1,4,0,N
1257,47,4,4,4,0,1,2,4,0,N
1258,41,4,4,3,1,0,2,3,0,N
1259,29,3,4,3,1,1,1,3,0,N
1260,25,4,4,1,1,0,1,4,0,N
1261,33,4,4,2,0,0,1,3,0,N
1262,23,4,4,1,0,1,1,4,0,N
1263,32,4,4,4,1,1,2,3,0,N
1264,45,4,4,3,1,1,1,4,0,N
1265,37,4,4,4,1,1,1,4,0,N
1266,35,2,4,4,0,1,3,2,0,N
1267,37,4,4,3,1,1,3,4,0,N
1268,35,4,4,5,1,1,2,4,0,N
1269,23,4,4,1,1,1,3,3,0,N
1270,38,2,2,8,1,1,2,2,0,N
1271,41,4,4,4,0,0,2,4,0,N
1272,35,1,2,9,1,0,3,1,0,N
1273,29,4,4,3,1,1,3,2,0,N
1274,26,3,3,2,1,1,1,3,0,N
1275,22,3,3,2,1,1,3,3,0,N
1276,30,2,3,5,1,1,3,1,1,N
1277,36,4,4,3,1,1,3,3,0,N
1278,26,3,4,3,1,1,1,4,0,N
1279,32,4,4,2,1,0,3,4,0,N
1280,39,4,4,3,0,1,2,4,0,N
1281,29,3,4,3,1,1,1,3,0,N
1282,40,4,4,5,1,1,1,3,0,N
1283,43,3,3,6,1,0,3,2,0,N
1284,44,3,4,6,1,1,3,2,0,N
1285,24,4,4,2,1,1,2,4,0,N
1286,42,4,4,3,1,0,1,4,0,N
1287,33,3,4,2,1,1,1,4,0,N
1288,24,4,4,1,0,1,2,3,0,N
1289,28,3,4,2,0,1,2,3,0,N
1290,32,2,1,5,1,0,2,2,0,N
1291,26,2,2,4,1,1,3,4,0,N
1292,27,4,4,1,1,1,1,4,0,N
1293,41,3,4,3,0,1,2,4,0,N
1294,28,3,4,2,0,1,3,3,0,N
1295,23,4,4,1,1,0,3,4,0,N
1296,31,2,2,4,1,1,4,3,1,N
1297,33,4,4,3,0,1,2,4,0,N
1298,35,4,4,5,1,1,1,4,0,N
1299,39,3,4,5,1,1,3,4,0,N
1300,27,4,4,2,1,1,1,3,0,N
1301,48,4,4,3,0,1,1,4,0,N
1302,25,3,1,2,1,0,3,4,0,N
1303,38,4,4,4,1,1,2,4,0,N
1304,48,4,4,7,1,0,1,4,0,N
1305,34,4,4,4,1,0,3,3,0,N
1306,36,3,3,4,1,1,1,3,0,N
1307,34,4,4,3,1,0,3,4,0,N
1308,42,4,4,4,0,0,2,4,0,N
1309,45,3,3,5,0,1,1,3,0,N
1310,37,4,4,4,0,1,2,4,0,N
1311,38,4,4,3,0,0,2,4,0,N
1312,42,3,3,4,0,1,3,4,0,N
1313,42,2,4,5,0,1,2,3,0,N
1314,41,4,4,6,1,1,1,4,0,N
1315,43,4,4,5,0,1,1,4,0,N
1316,34,4,4,2,0,0,3,2,0,N
1317,44,2,3,1,0,1,2,4,0,N
1318,41,4,4,4,0,1,1,4,0,N
1319,36,4,4,3,1,1,1,4,0,N
1320,34,1,2,5,1,1,3,4,0,N
1321,32,3,2,5,1,1,3,3,0,N
1322,34,3,3,6,1,1,1,4,0,N
1323,24,4,4,2,1,0,3,3,0,N
1324,21,3,3,1,0,1,3,2,0,N
1325,38,4,3,9,1,1,3,3,0,N
1326,39,4,4,3,1,0,1,4,0,N
1327,35,2,2,6,1,0,2,2,1,N
1328,30,2,3,7,1,1,3,3,0,N
1329,17,3,4,1,1,1,3,3,0,N
1330,32,2,4,3,1,1,3,4,0,N
1331,43,4,4,5,0,1,1,4,0,N
1332,31,2,2,4,1,1,3,3,0,N
1333,24,1,2,3,1,1,3,2,0,N
1334,26,2,4,3,1,1,1,3,0,N
1335,35,3,4,4,1,0,1,4,0,N
1336,46,3,4,4,1,0,3,4,0,N
1337,29,2,3,3,1,1,3,3,0,N
1338,21,3,4,1,1,0,3,4,0,N
1339,31,4,4,5,1,0,1,4,0,N
1340,24,4,4,2,1,1,3,3,0,N
1341,24,2,4,3,1,1,3,3,0,N
1342,36,4,4,4,1,1,1,3,0,N
1343,37,2,3,9,1,1,3,3,0,N
1344,37,3,3,6,1,1,3,3,0,N
1345,37,3,3,11,1,1,1,2,0,N
1346,44,4,4,4,0,1,2,3,0,N
1347,35,2,3,6,1,1,2,3,0,N
1348,25,4,4,3,1,1,3,3,0,N
1349,21,4,4,2,1,1,2,3,0,N
1350,24,1,2,3,1,1,3,2,0,N
1351,16,2,3,1,1,1,3,1,0,N
1352,21,3,2,1,1,1,3,1,1,N
1353,25,2,4,2,1,1,2,4,0,N
1354,26,4,4,1,1,0,2,4,0,N
1355,43,4,4,2,1,1,1,4,0,N
1356,24,4,4,1,1,1,1,4,0,N
1357,30,3,4,3,0,1,3,3,0,N
1358,30,2,3,3,1,1,3,3,0,N
1359,26,4,4,2,1,1,3,3,0,N
1360,29,2,4,4,1,1,3,2,0,N
1361,24,3,4,4,1,1,3,1,0,N
1362,29,3,3,2,1,1,3,2,0,N
1363,29,1,2,1,1,1,3,3,0,N
1364,22,4,4,1,1,1,2,4,0,N
1365,30,3,3,4,1,0,3,2,0,N
1366,24,4,4,1,1,1,2,3,0,N
1367,25,4,4,2,1,1,1,2,0,N
1368,44,4,4,5,1,0,1,4,0,N
1369,28,2,3,3,1,1,2,4,0,N
1370,22,3,3,1,1,1,3,2,0,N
1371,30,2,2,6,1,0,2,3,0,N
1372,25,3,4,3,1,1,2,4,0,N
1373,25,4,4,2,1,1,3,3,0,N
1374,33,4,4,2,1,0,1,4,0,N
1375,33,3,3,4,1,0,2,3,0,N
1376,26,3,3,2,1,0,2,2,0,N
1377,29,3,4,5,1,1,3,3,0,N
1378,32,3,3,4,1,1,2,1,0,N
1379,30,4,4,1,1,0,3,2,0,N
1380,37,4,4,1,0,1,1,4,0,N
1381,31,1,2,4,1,1,3,3,0,N
1382,36,1,2,4,1,1,3,1,1,N
1383,36,2,2,7,1,0,2,2,1,N
1384,26,3,4,2,1,0,2,4,0,N
1385,36,4,4,3,1,1,1,4,0,N
1386,28,4,4,1,1,1,2,4,0,N
1387,33,4,4,5,1,1,3,3,0,N
1388,25,3,4,2,1,0,2,4,0,N
1389,31,4,4,2,0,1,1,4,0,N
1390,38,4,4,4,1,0,1,4,0,N
1391,35,1,2,5,1,1,3,3,0,N
1392,33,4,4,3,0,0,2,4,0,N
1393,30,2,2,2,1,1,3,2,0,N
1394,20,3,3,2,1,1,2,2,1,N
1395,18,3,3,1,1,1,2,2,0,N
1396,30,3,2,3,1,1,3,3,0,N
1397,35,2,3,6,1,0,3,2,0,N
1398,22,3,3,2,1,1,3,1,0,N
1399,28,2,4,7,1,1,3,3,0,N
1400,21,3,3,1,1,1,3,1,0,N
1401,27,3,4,4,1,1,3,4,0,N
1402,30,3,4,3,1,1,3,3,0,N
1403,25,3,4,2,1,1,3,3,0,N
1404,26,4,4,3,1,1,3,2,0,N
1405,37,2,4,5,1,1,1,4,0,N
1406,47,1,3,9,1,0,3,3,0,N
1407,36,1,1,5,1,1,3,3,0,N
1408,36,2,3,6,1,1,2,4,0,N
1409,36,4,4,3,1,1,2,4,0,N
1410,28,4,4,4,1,1,3,4,0,N
1411,21,4,4,2,1,1,3,3,0,N
1412,25,4,4,2,1,1,2,3,0,N
1413,30,3,4,3,1,1,3,4,0,N
1414,22,3,3,3,1,1,3,3,0,N
1415,23,4,3,2,1,0,2,3,0,N
1416,36,3,4,9,1,1,3,4,0,N
1417,28,4,3,2,1,1,3,2,0,N
1418,46,2,2,5,1,1,2,4,0,N
1419,47,4,4,5,1,1,3,2,0,N
1420,41,1,4,5,1,0,2,4,0,N
1421,44,4,4,5,1,1,3,4,0,N
1422,34,2,3,3,0,1,3,2,1,N
1423,37,2,3,6,1,1,3,4,0,N
1424,34,4,4,2,0,1,1,4,0,N
1425,22,2,4,2,1,1,3,2,0,N
1426,33,2,3,4,1,1,2,3,0,N
1427,21,3,4,3,1,1,3,1,0,N
1428,31,4,4,4,1,0,3,4,0,N
1429,41,4,3,5,1,0,3,4,0,N
1430,30,4,3,4,1,1,3,3,0,N
1431,32,2,4,5,1,1,3,4,0,N
1432,27,4,4,2,0,0,2,4,0,N
1433,26,4,4,1,0,0,2,4,0,N
1434,42,4,4,5,0,1,2,4,0,N
1435,24,4,4,1,1,1,1,3,0,N
1436,37,4,4,6,1,1,1,4,0,N
1437,30,2,3,5,1,0,3,4,0,N
1438,27,4,4,1,1,1,1,4,0,N
1439,34,2,4,6,1,1,3,3,0,N
1440,32,3,4,5,0,1,1,4,0,N
1441,28,4,4,1,0,0,2,4,0,N
1442,29,3,3,1,0,0,2,4,0,N
1443,42,4,4,3,0,1,2,4,0,N
1444,21,2,2,0,0,1,4,4,0,N
1445,22,4,4,2,1,1,3,4,0,N
1446,36,4,4,3,0,1,3,4,0,N
1447,45,2,3,3,0,0,2,4,0,N
1448,34,4,4,2,0,0,2,4,0,N
1449,35,2,3,5,1,1,3,3,0,N
1450,19,4,4,1,1,1,2,3,0,N
1451,27,4,4,4,1,1,3,3,0,N
1452,37,2,4,4,1,0,2,3,0,N
1453,26,3,2,4,1,1,3,4,0,N
1454,28,1,3,5,1,1,3,4,0,N
1455,31,3,4,5,1,1,1,4,0,N
1456,32,2,2,6,1,1,2,3,0,N
1457,40,2,2,4,0,0,2,4,0,N
1458,27,3,3,5,1,1,2,4,0,N
1459,27,2,2,3,1,1,2,2,1,N
1460,37,4,4,5,0,0,2,4,0,N
1461,22,4,3,1,1,1,2,2,0,N
1462,27,4,4,4,1,1,1,2,1,N
1463,21,4,4,1,0,1,2,4,0,N
1464,30,1,3,2,1,1,3,4,0,N
1465,23,2,2,1,1,1,2,4,0,N
1466,25,2,4,3,1,1,1,3,0,N
1467,42,2,4,6,1,1,2,4,0,N
1468,29,4,4,3,1,1,1,4,0,N
1469,33,4,4,2,1,0,2,4,0,N
1470,33,4,4,3,1,1,1,4,0,N
1471,39,3,3,8,1,0,1,4,0,N
1472,33,3,3,4,1,0,2,2,0,N
1473,17,3,3,1,1,1,2,4,0,N